insert into KSEN_LRC_RESULT_SCALE (CREATEID, CREATETIME, DESCR_FORMATTED, DESCR_PLAIN, EFF_DT, EXPIR_DT, ID, NAME, OBJ_ID, RANGE_INCREMENT, RANGE_MAX_VALUE, RANGE_MIN_VALUE, RESULT_SCALE_STATE, RESULT_SCALE_TYPE, UPDATEID, UPDATETIME, VER_NBR) values ('SYSTEMLOADER', {ts '2012-09-16 20:00:00'}, 'Certificate of Advanced Graduate Studies', 'Certificate of Advanced Graduate Studies', null, null, 'kuali.result.scale.certificate.graduate', 'Graduate Certificate', null, null, null, null, 'kuali.result.scale.state.approved', 'kuali.result.scale.type.certificate', null, null, 0);
insert into KSEN_LRC_RESULT_SCALE (CREATEID, CREATETIME, DESCR_FORMATTED, DESCR_PLAIN, EFF_DT, EXPIR_DT, ID, NAME, OBJ_ID, RANGE_INCREMENT, RANGE_MAX_VALUE, RANGE_MIN_VALUE, RESULT_SCALE_STATE, RESULT_SCALE_TYPE, UPDATEID, UPDATETIME, VER_NBR) values ('SYSTEMLOADER', {ts '2012-09-16 20:00:00'}, 'Certification For example Nursing certificate', 'Certification For example Nursing certificate', null, null, 'kuali.result.scale.certification', 'Certification', null, null, null, null, 'kuali.result.scale.state.approved', 'kuali.result.scale.type.certification', null, null, 0);
insert into KSEN_LRC_RESULT_SCALE (CREATEID, CREATETIME, DESCR_FORMATTED, DESCR_PLAIN, EFF_DT, EXPIR_DT, ID, NAME, OBJ_ID, RANGE_INCREMENT, RANGE_MAX_VALUE, RANGE_MIN_VALUE, RESULT_SCALE_STATE, RESULT_SCALE_TYPE, UPDATEID, UPDATETIME, VER_NBR) values ('SYSTEMLOADER', {ts '2012-09-16 20:00:00'}, 'Credit awarded for continuing education programs. Does not count towards any higher ed degree but may count towards certifications', 'Credit awarded for continuing education programs. Does not count towards any higher ed degree but may count towards certifications', null, null, 'kuali.result.scale.credit.ceu', 'Continuing Education Units', null, '1', '100', '0', 'kuali.result.scale.state.approved', 'kuali.result.scale.type.credit', null, null, 0);
insert into KSEN_LRC_RESULT_SCALE (CREATEID, CREATETIME, DESCR_FORMATTED, DESCR_PLAIN, EFF_DT, EXPIR_DT, ID, NAME, OBJ_ID, RANGE_INCREMENT, RANGE_MAX_VALUE, RANGE_MIN_VALUE, RESULT_SCALE_STATE, RESULT_SCALE_TYPE, UPDATEID, UPDATETIME, VER_NBR) values ('SYSTEMLOADER', {ts '2012-09-16 20:00:00'}, 'Regular Academic Credit', 'Regular Academic Credit', null, null, 'kuali.result.scale.credit.degree', 'Degree Credit', null, '1', '100', '0', 'kuali.result.scale.state.approved', 'kuali.result.scale.type.credit', null, null, 0);
insert into KSEN_LRC_RESULT_SCALE (CREATEID, CREATETIME, DESCR_FORMATTED, DESCR_PLAIN, EFF_DT, EXPIR_DT, ID, NAME, OBJ_ID, RANGE_INCREMENT, RANGE_MAX_VALUE, RANGE_MIN_VALUE, RESULT_SCALE_STATE, RESULT_SCALE_TYPE, UPDATEID, UPDATETIME, VER_NBR) values ('SYSTEMLOADER', {ts '2012-09-16 20:00:00'}, 'Credit associated with remedial credit that typically does not count towards a degree', 'Credit associated with remedial credit that typically does not count towards a degree', null, null, 'kuali.result.scale.credit.remedial', 'Remedial Credit', null, '1', '100', '0', 'kuali.result.scale.state.approved', 'kuali.result.scale.type.credit', null, null, 0);
insert into KSEN_LRC_RESULT_SCALE (CREATEID, CREATETIME, DESCR_FORMATTED, DESCR_PLAIN, EFF_DT, EXPIR_DT, ID, NAME, OBJ_ID, RANGE_INCREMENT, RANGE_MAX_VALUE, RANGE_MIN_VALUE, RESULT_SCALE_STATE, RESULT_SCALE_TYPE, UPDATEID, UPDATETIME, VER_NBR) values ('SYSTEMLOADER', {ts '2012-09-16 20:00:00'}, 'Types of degrees awarded by the school', 'Types of degrees awarded by the school', null, null, 'kuali.result.scale.degree', 'Degree Types', null, null, null, null, 'kuali.result.scale.state.approved', 'kuali.result.scale.type.degree', null, null, 0);
insert into KSEN_LRC_RESULT_SCALE (CREATEID, CREATETIME, DESCR_FORMATTED, DESCR_PLAIN, EFF_DT, EXPIR_DT, ID, NAME, OBJ_ID, RANGE_INCREMENT, RANGE_MAX_VALUE, RANGE_MIN_VALUE, RESULT_SCALE_STATE, RESULT_SCALE_TYPE, UPDATEID, UPDATETIME, VER_NBR) values ('SYSTEMLOADER', {ts '2012-09-16 20:00:00'}, '4.0 grade point average rounded to the nearest tenth', '4.0 grade point average rounded to the nearest tenth', null, null, 'kuali.result.scale.gpa', 'Grade Point Average', null, '0.1', '4', '0', 'kuali.result.scale.state.approved', 'kuali.result.scale.type.gpa', null, null, 0);
insert into KSEN_LRC_RESULT_SCALE (CREATEID, CREATETIME, DESCR_FORMATTED, DESCR_PLAIN, EFF_DT, EXPIR_DT, ID, NAME, OBJ_ID, RANGE_INCREMENT, RANGE_MAX_VALUE, RANGE_MIN_VALUE, RESULT_SCALE_STATE, RESULT_SCALE_TYPE, UPDATEID, UPDATETIME, VER_NBR) values ('SYSTEMLOADER', {ts '2012-09-16 20:00:00'}, '4.0 grade point average rounded to the nearest hundredth, typically used for reporting to medical schools', '4.0 grade point average rounded to the nearest hundredth, typically used for reporting to medical schools', null, null, 'kuali.result.scale.gpa.two.decimals', 'Grade Point Average to 2 Decimals', null, '0.01', '4', '0', 'kuali.result.scale.state.approved', 'kuali.result.scale.type.gpa', null, null, 0);
insert into KSEN_LRC_RESULT_SCALE (CREATEID, CREATETIME, DESCR_FORMATTED, DESCR_PLAIN, EFF_DT, EXPIR_DT, ID, NAME, OBJ_ID, RANGE_INCREMENT, RANGE_MAX_VALUE, RANGE_MIN_VALUE, RESULT_SCALE_STATE, RESULT_SCALE_TYPE, UPDATEID, UPDATETIME, VER_NBR) values ('SYSTEMLOADER', {ts '2012-09-16 20:00:00'}, 'Grades used for administrative reasons -- not directly tied to academic evaluation', 'Grades used for administrative reasons -- not directly tied to academic evaluation', null, null, 'kuali.result.scale.grade.admin', 'Administrative Grades', null, null, null, null, 'kuali.result.scale.state.approved', 'kuali.result.scale.type.grade.admin', null, null, 0);
insert into KSEN_LRC_RESULT_SCALE (CREATEID, CREATETIME, DESCR_FORMATTED, DESCR_PLAIN, EFF_DT, EXPIR_DT, ID, NAME, OBJ_ID, RANGE_INCREMENT, RANGE_MAX_VALUE, RANGE_MIN_VALUE, RESULT_SCALE_STATE, RESULT_SCALE_TYPE, UPDATEID, UPDATETIME, VER_NBR) values ('SYSTEMLOADER', {ts '2012-09-16 20:00:00'}, 'Notation that simply indicates the work was completed', 'Notation that simply indicates the work was completed', null, null, 'kuali.result.scale.grade.completed', 'Completed Notation', null, null, null, null, 'kuali.result.scale.state.approved', 'kuali.result.scale.type.grade', null, null, 0);
insert into KSEN_LRC_RESULT_SCALE (CREATEID, CREATETIME, DESCR_FORMATTED, DESCR_PLAIN, EFF_DT, EXPIR_DT, ID, NAME, OBJ_ID, RANGE_INCREMENT, RANGE_MAX_VALUE, RANGE_MIN_VALUE, RESULT_SCALE_STATE, RESULT_SCALE_TYPE, UPDATEID, UPDATETIME, VER_NBR) values ('SYSTEMLOADER', {ts '2012-09-16 20:00:00'}, 'Standard A-F grading scale', 'Standard A-F grading scale', null, null, 'kuali.result.scale.grade.letter', 'Letter', null, null, null, null, 'kuali.result.scale.state.approved', 'kuali.result.scale.type.grade', null, null, 0);
insert into KSEN_LRC_RESULT_SCALE (CREATEID, CREATETIME, DESCR_FORMATTED, DESCR_PLAIN, EFF_DT, EXPIR_DT, ID, NAME, OBJ_ID, RANGE_INCREMENT, RANGE_MAX_VALUE, RANGE_MIN_VALUE, RESULT_SCALE_STATE, RESULT_SCALE_TYPE, UPDATEID, UPDATETIME, VER_NBR) values ('SYSTEMLOADER', {ts '2012-09-16 20:00:00'}, 'Standard A-F grading but with plus and minuses', 'Standard A-F grading but with plus and minuses', null, null, 'kuali.result.scale.grade.letter.plus.minus', 'A-F with Plus/Minus Grading Scale', null, null, null, null, 'kuali.result.scale.state.approved', 'kuali.result.scale.type.grade', null, null, 0);
insert into KSEN_LRC_RESULT_SCALE (CREATEID, CREATETIME, DESCR_FORMATTED, DESCR_PLAIN, EFF_DT, EXPIR_DT, ID, NAME, OBJ_ID, RANGE_INCREMENT, RANGE_MAX_VALUE, RANGE_MIN_VALUE, RESULT_SCALE_STATE, RESULT_SCALE_TYPE, UPDATEID, UPDATETIME, VER_NBR) values ('SYSTEMLOADER', {ts '2012-09-16 20:00:00'}, 'Percentage grading', 'Percentage grading', null, null, 'kuali.result.scale.grade.percentage', 'Percentage Grading Scale', null, '1', '100', '0', 'kuali.result.scale.state.approved', 'kuali.result.scale.type.grade', null, null, 0);
insert into KSEN_LRC_RESULT_SCALE (CREATEID, CREATETIME, DESCR_FORMATTED, DESCR_PLAIN, EFF_DT, EXPIR_DT, ID, NAME, OBJ_ID, RANGE_INCREMENT, RANGE_MAX_VALUE, RANGE_MIN_VALUE, RESULT_SCALE_STATE, RESULT_SCALE_TYPE, UPDATEID, UPDATETIME, VER_NBR) values ('SYSTEMLOADER', {ts '2012-09-16 20:00:00'}, 'Pass/Fail grading scale', 'Pass/Fail grading scale', null, null, 'kuali.result.scale.grade.pf', 'Pass/Fail Grading Scale', null, null, null, null, 'kuali.result.scale.state.approved', 'kuali.result.scale.type.grade', null, null, 0);
insert into KSEN_LRC_RESULT_SCALE (CREATEID, CREATETIME, DESCR_FORMATTED, DESCR_PLAIN, EFF_DT, EXPIR_DT, ID, NAME, OBJ_ID, RANGE_INCREMENT, RANGE_MAX_VALUE, RANGE_MIN_VALUE, RESULT_SCALE_STATE, RESULT_SCALE_TYPE, UPDATEID, UPDATETIME, VER_NBR) values ('SYSTEMLOADER', {ts '2012-09-16 20:00:00'}, 'Pass/No Pass Grading scale (also called pass/no record because failing does not hurt your GPA)', 'Pass/No Pass Grading scale (also called pass/no record because failing does not hurt your GPA)', null, null, 'kuali.result.scale.grade.pnp', 'Pass/No Pass Grading Scale', null, null, null, null, 'kuali.result.scale.state.approved', 'kuali.result.scale.type.grade', null, null, 0);
insert into KSEN_LRC_RESULT_SCALE (CREATEID, CREATETIME, DESCR_FORMATTED, DESCR_PLAIN, EFF_DT, EXPIR_DT, ID, NAME, OBJ_ID, RANGE_INCREMENT, RANGE_MAX_VALUE, RANGE_MIN_VALUE, RESULT_SCALE_STATE, RESULT_SCALE_TYPE, UPDATEID, UPDATETIME, VER_NBR) values ('SYSTEMLOADER', {ts '2012-09-16 20:00:00'}, 'An honor is awarded periodically that identifies the top portion of the class by GPA', 'An honor is awarded periodically that identifies the top portion of the class by GPA', null, null, 'kuali.result.scale.honor.deans.list', 'Deans List', null, null, null, null, 'kuali.result.scale.state.approved', 'kuali.result.scale.type.honor', null, null, 0);
insert into KSEN_LRC_RESULT_SCALE (CREATEID, CREATETIME, DESCR_FORMATTED, DESCR_PLAIN, EFF_DT, EXPIR_DT, ID, NAME, OBJ_ID, RANGE_INCREMENT, RANGE_MAX_VALUE, RANGE_MIN_VALUE, RESULT_SCALE_STATE, RESULT_SCALE_TYPE, UPDATEID, UPDATETIME, VER_NBR) values ('SYSTEMLOADER', {ts '2012-09-16 20:00:00'}, 'An honor awarded with the degree for example, Cum Laud, Magna Cum Laud and Summa Cum Laud', 'An honor awarded with the degree for example, Cum Laud, Magna Cum Laud and Summa Cum Laud', null, null, 'kuali.result.scale.honor.degree.latin', 'Latin Degree Honors', null, null, null, null, 'kuali.result.scale.state.approved', 'kuali.result.scale.type.honor', null, null, 0);
insert into KSEN_LRC_RESULT_SCALE (CREATEID, CREATETIME, DESCR_FORMATTED, DESCR_PLAIN, EFF_DT, EXPIR_DT, ID, NAME, OBJ_ID, RANGE_INCREMENT, RANGE_MAX_VALUE, RANGE_MIN_VALUE, RESULT_SCALE_STATE, RESULT_SCALE_TYPE, UPDATEID, UPDATETIME, VER_NBR) values ('SYSTEMLOADER', {ts '2012-09-16 20:00:00'}, 'Minor area of study', 'Minor area of study', null, null, 'kuali.result.scale.minor', 'Minor', null, null, null, null, 'kuali.result.scale.state.approved', 'kuali.result.scale.type.minor', null, null, 0);
insert into KSEN_LRC_RESULT_SCALE (CREATEID, CREATETIME, DESCR_FORMATTED, DESCR_PLAIN, EFF_DT, EXPIR_DT, ID, NAME, OBJ_ID, RANGE_INCREMENT, RANGE_MAX_VALUE, RANGE_MIN_VALUE, RESULT_SCALE_STATE, RESULT_SCALE_TYPE, UPDATEID, UPDATETIME, VER_NBR) values ('SYSTEMLOADER', {ts '2012-09-16 20:00:00'}, 'Indicates whether or not a requirement for a student has been completed', 'Indicates whether or not a requirement for a student has been completed', null, null, 'kuali.result.scale.requirement.completion', 'Requirement Completion Status', null, null, null, null, 'kuali.result.scale.state.approved', 'kuali.result.scale.type.requirement.completion', null, null, 0);
insert into KSEN_LRC_RESULT_SCALE (CREATEID, CREATETIME, DESCR_FORMATTED, DESCR_PLAIN, EFF_DT, EXPIR_DT, ID, NAME, OBJ_ID, RANGE_INCREMENT, RANGE_MAX_VALUE, RANGE_MIN_VALUE, RESULT_SCALE_STATE, RESULT_SCALE_TYPE, UPDATEID, UPDATETIME, VER_NBR) values ('SYSTEMLOADER', {ts '2012-09-16 20:00:00'}, 'Indicates the percentage of the requirement the student has completed', 'Indicates the percentage of the requirement the student has completed', null, null, 'kuali.result.scale.requirement.completion.percent', 'Requirement Completion Percent', null, null, null, null, 'kuali.result.scale.state.approved', 'kuali.result.scale.type.requirement.completion', null, null, 0);
insert into KSEN_LRC_RESULT_SCALE (CREATEID, CREATETIME, DESCR_FORMATTED, DESCR_PLAIN, EFF_DT, EXPIR_DT, ID, NAME, OBJ_ID, RANGE_INCREMENT, RANGE_MAX_VALUE, RANGE_MIN_VALUE, RESULT_SCALE_STATE, RESULT_SCALE_TYPE, UPDATEID, UPDATETIME, VER_NBR) values ('SYSTEMLOADER', {ts '2012-09-16 20:00:00'}, 'Students Year of Study from undergrad through graduate school, i.e. freshman, sophomore, junior, etc', 'Students Year of Study from undergrad through graduate school, i.e. freshman, sophomore, junior, etc', null, null, 'kuali.result.scale.student.year', 'Student Year or Level', null, null, null, null, 'kuali.result.scale.state.approved', 'kuali.result.scale.type.student.year', null, null, 0);
insert into KSEN_LRC_RESULT_SCALE (CREATEID, CREATETIME, DESCR_FORMATTED, DESCR_PLAIN, EFF_DT, EXPIR_DT, ID, NAME, OBJ_ID, RANGE_INCREMENT, RANGE_MAX_VALUE, RANGE_MIN_VALUE, RESULT_SCALE_STATE, RESULT_SCALE_TYPE, UPDATEID, UPDATETIME, VER_NBR) values ('SYSTEMLOADER', {ts '2012-09-16 20:00:00'}, 'The student year of graduate students', 'The student year of graduate students', null, null, 'kuali.result.scale.student.year.grad', 'Graduate Student Year', null, null, null, null, 'kuali.result.scale.state.approved', 'kuali.result.scale.type.student.year', null, null, 0);
insert into KSEN_LRC_RESULT_SCALE (CREATEID, CREATETIME, DESCR_FORMATTED, DESCR_PLAIN, EFF_DT, EXPIR_DT, ID, NAME, OBJ_ID, RANGE_INCREMENT, RANGE_MAX_VALUE, RANGE_MIN_VALUE, RESULT_SCALE_STATE, RESULT_SCALE_TYPE, UPDATEID, UPDATETIME, VER_NBR) values ('SYSTEMLOADER', {ts '2012-09-16 20:00:00'}, 'The student year for lock step programs such as Law School', 'The student year for lock step programs such as Law School', null, null, 'kuali.result.scale.student.year.lockstep', 'Student Year for Lock Step Program', null, null, null, null, 'kuali.result.scale.state.approved', 'kuali.result.scale.type.student.year', null, null, 0);


insert into KSEN_LRC_RESULT_VALUE (CREATEID, CREATETIME, DESCR_FORMATTED, DESCR_PLAIN, EFF_DT, EXPIR_DT, ID, NAME, NUMERIC_VALUE, OBJ_ID, RESULT_SCALE_ID, RESULT_VALUE, RESULT_VALUE_STATE, RESULT_VALUE_TYPE, UPDATEID, UPDATETIME, VER_NBR) values ('BATCH', {ts '2012-09-16 20:00:00'}, '0.0', '0.0', {ts '2012-09-16 20:00:00'}, null, 'kuali.result.value.credit.degree.0.0', '0.0', 1, '95d86915-79e1-4d4d-acc9-5c18d99736f8', 'kuali.result.scale.credit.degree', '0.0', 'kuali.result.value.state.approved', 'kuali.result.value.type.value', 'BATCH', {ts '2012-09-16 20:00:00'}, 0);
insert into KSEN_LRC_RESULT_VALUE (CREATEID, CREATETIME, DESCR_FORMATTED, DESCR_PLAIN, EFF_DT, EXPIR_DT, ID, NAME, NUMERIC_VALUE, OBJ_ID, RESULT_SCALE_ID, RESULT_VALUE, RESULT_VALUE_STATE, RESULT_VALUE_TYPE, UPDATEID, UPDATETIME, VER_NBR) values ('BATCH', {ts '2012-09-16 20:00:00'}, '0.5', '0.5', {ts '2012-09-16 20:00:00'}, null, 'kuali.result.value.credit.degree.0.5', '0.5', 1, '1031d194-1d7b-4bc9-b5be-109a6e4865e9', 'kuali.result.scale.credit.degree', '0.5', 'kuali.result.value.state.approved', 'kuali.result.value.type.value', 'BATCH', {ts '2012-09-16 20:00:00'}, 0);
insert into KSEN_LRC_RESULT_VALUE (CREATEID, CREATETIME, DESCR_FORMATTED, DESCR_PLAIN, EFF_DT, EXPIR_DT, ID, NAME, NUMERIC_VALUE, OBJ_ID, RESULT_SCALE_ID, RESULT_VALUE, RESULT_VALUE_STATE, RESULT_VALUE_TYPE, UPDATEID, UPDATETIME, VER_NBR) values ('BATCH', {ts '2012-09-16 20:00:00'}, '1.0', '1.0', {ts '2012-09-16 20:00:00'}, null, 'kuali.result.value.credit.degree.1.0', '1.0', 1, '7af000b3-eb1d-4b9b-9663-d32e2c64e952', 'kuali.result.scale.credit.degree', '1.0', 'kuali.result.value.state.approved', 'kuali.result.value.type.value', 'BATCH', {ts '2012-09-16 20:00:00'}, 0);
insert into KSEN_LRC_RESULT_VALUE (CREATEID, CREATETIME, DESCR_FORMATTED, DESCR_PLAIN, EFF_DT, EXPIR_DT, ID, NAME, NUMERIC_VALUE, OBJ_ID, RESULT_SCALE_ID, RESULT_VALUE, RESULT_VALUE_STATE, RESULT_VALUE_TYPE, UPDATEID, UPDATETIME, VER_NBR) values ('BATCH', {ts '2012-09-16 20:00:00'}, '1.5', '1.5', {ts '2012-09-16 20:00:00'}, null, 'kuali.result.value.credit.degree.1.5', '1.5', 2, '7a1ce2cb-936c-40c8-9a85-4684f156e62b', 'kuali.result.scale.credit.degree', '1.5', 'kuali.result.value.state.approved', 'kuali.result.value.type.value', 'BATCH', {ts '2012-09-16 20:00:00'}, 0);
insert into KSEN_LRC_RESULT_VALUE (CREATEID, CREATETIME, DESCR_FORMATTED, DESCR_PLAIN, EFF_DT, EXPIR_DT, ID, NAME, NUMERIC_VALUE, OBJ_ID, RESULT_SCALE_ID, RESULT_VALUE, RESULT_VALUE_STATE, RESULT_VALUE_TYPE, UPDATEID, UPDATETIME, VER_NBR) values ('BATCH', {ts '2012-09-16 20:00:00'}, '10.0', '10.0', {ts '2012-09-16 20:00:00'}, null, 'kuali.result.value.credit.degree.10.0', '10.0', 10, 'a80dd574-f7b2-40ee-b8fc-29456b4bed3a', 'kuali.result.scale.credit.degree', '10.0', 'kuali.result.value.state.approved', 'kuali.result.value.type.value', 'BATCH', {ts '2012-09-16 20:00:00'}, 0);
insert into KSEN_LRC_RESULT_VALUE (CREATEID, CREATETIME, DESCR_FORMATTED, DESCR_PLAIN, EFF_DT, EXPIR_DT, ID, NAME, NUMERIC_VALUE, OBJ_ID, RESULT_SCALE_ID, RESULT_VALUE, RESULT_VALUE_STATE, RESULT_VALUE_TYPE, UPDATEID, UPDATETIME, VER_NBR) values ('BATCH', {ts '2012-09-16 20:00:00'}, '10.5', '10.5', {ts '2012-09-16 20:00:00'}, null, 'kuali.result.value.credit.degree.10.5', '10.5', 11, '92113cc7-b031-48d5-91dc-2191d0157567', 'kuali.result.scale.credit.degree', '10.5', 'kuali.result.value.state.approved', 'kuali.result.value.type.value', 'BATCH', {ts '2012-09-16 20:00:00'}, 0);
insert into KSEN_LRC_RESULT_VALUE (CREATEID, CREATETIME, DESCR_FORMATTED, DESCR_PLAIN, EFF_DT, EXPIR_DT, ID, NAME, NUMERIC_VALUE, OBJ_ID, RESULT_SCALE_ID, RESULT_VALUE, RESULT_VALUE_STATE, RESULT_VALUE_TYPE, UPDATEID, UPDATETIME, VER_NBR) values ('BATCH', {ts '2012-09-16 20:00:00'}, '11.0', '11.0', {ts '2012-09-16 20:00:00'}, null, 'kuali.result.value.credit.degree.11.0', '11.0', 11, 'ce948aa7-63f8-4bdb-a486-b22a9256ef3d', 'kuali.result.scale.credit.degree', '11.0', 'kuali.result.value.state.approved', 'kuali.result.value.type.value', 'BATCH', {ts '2012-09-16 20:00:00'}, 0);
insert into KSEN_LRC_RESULT_VALUE (CREATEID, CREATETIME, DESCR_FORMATTED, DESCR_PLAIN, EFF_DT, EXPIR_DT, ID, NAME, NUMERIC_VALUE, OBJ_ID, RESULT_SCALE_ID, RESULT_VALUE, RESULT_VALUE_STATE, RESULT_VALUE_TYPE, UPDATEID, UPDATETIME, VER_NBR) values ('BATCH', {ts '2012-09-16 20:00:00'}, '11.5', '11.5', {ts '2012-09-16 20:00:00'}, null, 'kuali.result.value.credit.degree.11.5', '11.5', 12, 'e7e12d5d-d3e8-4351-81d3-b8de494f16ea', 'kuali.result.scale.credit.degree', '11.5', 'kuali.result.value.state.approved', 'kuali.result.value.type.value', 'BATCH', {ts '2012-09-16 20:00:00'}, 0);
insert into KSEN_LRC_RESULT_VALUE (CREATEID, CREATETIME, DESCR_FORMATTED, DESCR_PLAIN, EFF_DT, EXPIR_DT, ID, NAME, NUMERIC_VALUE, OBJ_ID, RESULT_SCALE_ID, RESULT_VALUE, RESULT_VALUE_STATE, RESULT_VALUE_TYPE, UPDATEID, UPDATETIME, VER_NBR) values ('BATCH', {ts '2012-09-16 20:00:00'}, '12.0', '12.0', {ts '2012-09-16 20:00:00'}, null, 'kuali.result.value.credit.degree.12.0', '12.0', 12, '22cb30d2-e4ca-4c83-93ed-920c78e92edb', 'kuali.result.scale.credit.degree', '12.0', 'kuali.result.value.state.approved', 'kuali.result.value.type.value', 'BATCH', {ts '2012-09-16 20:00:00'}, 0);
insert into KSEN_LRC_RESULT_VALUE (CREATEID, CREATETIME, DESCR_FORMATTED, DESCR_PLAIN, EFF_DT, EXPIR_DT, ID, NAME, NUMERIC_VALUE, OBJ_ID, RESULT_SCALE_ID, RESULT_VALUE, RESULT_VALUE_STATE, RESULT_VALUE_TYPE, UPDATEID, UPDATETIME, VER_NBR) values ('BATCH', {ts '2012-09-16 20:00:00'}, '12.5', '12.5', {ts '2012-09-16 20:00:00'}, null, 'kuali.result.value.credit.degree.12.5', '12.5', 13, 'f5b57dc2-8aab-4499-8dc5-cd2676ec3e00', 'kuali.result.scale.credit.degree', '12.5', 'kuali.result.value.state.approved', 'kuali.result.value.type.value', 'BATCH', {ts '2012-09-16 20:00:00'}, 0);
insert into KSEN_LRC_RESULT_VALUE (CREATEID, CREATETIME, DESCR_FORMATTED, DESCR_PLAIN, EFF_DT, EXPIR_DT, ID, NAME, NUMERIC_VALUE, OBJ_ID, RESULT_SCALE_ID, RESULT_VALUE, RESULT_VALUE_STATE, RESULT_VALUE_TYPE, UPDATEID, UPDATETIME, VER_NBR) values ('BATCH', {ts '2012-09-16 20:00:00'}, '13.0', '13.0', {ts '2012-09-16 20:00:00'}, null, 'kuali.result.value.credit.degree.13.0', '13.0', 13, 'ae716f9f-ab7c-4292-be21-4cecf31545d7', 'kuali.result.scale.credit.degree', '13.0', 'kuali.result.value.state.approved', 'kuali.result.value.type.value', 'BATCH', {ts '2012-09-16 20:00:00'}, 0);
insert into KSEN_LRC_RESULT_VALUE (CREATEID, CREATETIME, DESCR_FORMATTED, DESCR_PLAIN, EFF_DT, EXPIR_DT, ID, NAME, NUMERIC_VALUE, OBJ_ID, RESULT_SCALE_ID, RESULT_VALUE, RESULT_VALUE_STATE, RESULT_VALUE_TYPE, UPDATEID, UPDATETIME, VER_NBR) values ('BATCH', {ts '2012-09-16 20:00:00'}, '13.5', '13.5', {ts '2012-09-16 20:00:00'}, null, 'kuali.result.value.credit.degree.13.5', '13.5', 14, '82f841eb-0769-4f79-973b-391dfa18c683', 'kuali.result.scale.credit.degree', '13.5', 'kuali.result.value.state.approved', 'kuali.result.value.type.value', 'BATCH', {ts '2012-09-16 20:00:00'}, 0);
insert into KSEN_LRC_RESULT_VALUE (CREATEID, CREATETIME, DESCR_FORMATTED, DESCR_PLAIN, EFF_DT, EXPIR_DT, ID, NAME, NUMERIC_VALUE, OBJ_ID, RESULT_SCALE_ID, RESULT_VALUE, RESULT_VALUE_STATE, RESULT_VALUE_TYPE, UPDATEID, UPDATETIME, VER_NBR) values ('BATCH', {ts '2012-09-16 20:00:00'}, '14.0', '14.0', {ts '2012-09-16 20:00:00'}, null, 'kuali.result.value.credit.degree.14.0', '14.0', 14, 'fb9abfa8-2bb0-4437-8454-95f29635271f', 'kuali.result.scale.credit.degree', '14.0', 'kuali.result.value.state.approved', 'kuali.result.value.type.value', 'BATCH', {ts '2012-09-16 20:00:00'}, 0);
insert into KSEN_LRC_RESULT_VALUE (CREATEID, CREATETIME, DESCR_FORMATTED, DESCR_PLAIN, EFF_DT, EXPIR_DT, ID, NAME, NUMERIC_VALUE, OBJ_ID, RESULT_SCALE_ID, RESULT_VALUE, RESULT_VALUE_STATE, RESULT_VALUE_TYPE, UPDATEID, UPDATETIME, VER_NBR) values ('BATCH', {ts '2012-09-16 20:00:00'}, '14.5', '14.5', {ts '2012-09-16 20:00:00'}, null, 'kuali.result.value.credit.degree.14.5', '14.5', 15, 'd7c595fa-a41f-4723-94ca-bc708ac4fbb5', 'kuali.result.scale.credit.degree', '14.5', 'kuali.result.value.state.approved', 'kuali.result.value.type.value', 'BATCH', {ts '2012-09-16 20:00:00'}, 0);
insert into KSEN_LRC_RESULT_VALUE (CREATEID, CREATETIME, DESCR_FORMATTED, DESCR_PLAIN, EFF_DT, EXPIR_DT, ID, NAME, NUMERIC_VALUE, OBJ_ID, RESULT_SCALE_ID, RESULT_VALUE, RESULT_VALUE_STATE, RESULT_VALUE_TYPE, UPDATEID, UPDATETIME, VER_NBR) values ('BATCH', {ts '2012-09-16 20:00:00'}, '15.0', '15.0', {ts '2012-09-16 20:00:00'}, null, 'kuali.result.value.credit.degree.15.0', '15.0', 15, 'e96c3a40-61dd-4e79-b6ae-ab45447cc208', 'kuali.result.scale.credit.degree', '15.0', 'kuali.result.value.state.approved', 'kuali.result.value.type.value', 'BATCH', {ts '2012-09-16 20:00:00'}, 0);
insert into KSEN_LRC_RESULT_VALUE (CREATEID, CREATETIME, DESCR_FORMATTED, DESCR_PLAIN, EFF_DT, EXPIR_DT, ID, NAME, NUMERIC_VALUE, OBJ_ID, RESULT_SCALE_ID, RESULT_VALUE, RESULT_VALUE_STATE, RESULT_VALUE_TYPE, UPDATEID, UPDATETIME, VER_NBR) values ('BATCH', {ts '2012-09-16 20:00:00'}, '15.5', '15.5', {ts '2012-09-16 20:00:00'}, null, 'kuali.result.value.credit.degree.15.5', '15.5', 16, '692cbd9a-c7e4-4f39-b92a-62d693d0a6e8', 'kuali.result.scale.credit.degree', '15.5', 'kuali.result.value.state.approved', 'kuali.result.value.type.value', 'BATCH', {ts '2012-09-16 20:00:00'}, 0);
insert into KSEN_LRC_RESULT_VALUE (CREATEID, CREATETIME, DESCR_FORMATTED, DESCR_PLAIN, EFF_DT, EXPIR_DT, ID, NAME, NUMERIC_VALUE, OBJ_ID, RESULT_SCALE_ID, RESULT_VALUE, RESULT_VALUE_STATE, RESULT_VALUE_TYPE, UPDATEID, UPDATETIME, VER_NBR) values ('BATCH', {ts '2012-09-16 20:00:00'}, '16.0', '16.0', {ts '2012-09-16 20:00:00'}, null, 'kuali.result.value.credit.degree.16.0', '16.0', 16, '67287ddc-1334-47cf-b8fc-1d1206017ddd', 'kuali.result.scale.credit.degree', '16.0', 'kuali.result.value.state.approved', 'kuali.result.value.type.value', 'BATCH', {ts '2012-09-16 20:00:00'}, 0);
insert into KSEN_LRC_RESULT_VALUE (CREATEID, CREATETIME, DESCR_FORMATTED, DESCR_PLAIN, EFF_DT, EXPIR_DT, ID, NAME, NUMERIC_VALUE, OBJ_ID, RESULT_SCALE_ID, RESULT_VALUE, RESULT_VALUE_STATE, RESULT_VALUE_TYPE, UPDATEID, UPDATETIME, VER_NBR) values ('BATCH', {ts '2012-09-16 20:00:00'}, '16.5', '16.5', {ts '2012-09-16 20:00:00'}, null, 'kuali.result.value.credit.degree.16.5', '16.5', 1, '82e995a9-561d-492c-960c-3b2a006c129d', 'kuali.result.scale.credit.degree', '16.5', 'kuali.result.value.state.approved', 'kuali.result.value.type.value', 'BATCH', {ts '2012-09-16 20:00:00'}, 0);
insert into KSEN_LRC_RESULT_VALUE (CREATEID, CREATETIME, DESCR_FORMATTED, DESCR_PLAIN, EFF_DT, EXPIR_DT, ID, NAME, NUMERIC_VALUE, OBJ_ID, RESULT_SCALE_ID, RESULT_VALUE, RESULT_VALUE_STATE, RESULT_VALUE_TYPE, UPDATEID, UPDATETIME, VER_NBR) values ('BATCH', {ts '2012-09-16 20:00:00'}, '17.0', '17.0', {ts '2012-09-16 20:00:00'}, null, 'kuali.result.value.credit.degree.17.0', '17.0', 1, '525cf0ff-58c2-41c4-aabc-803bd899fd43', 'kuali.result.scale.credit.degree', '17.0', 'kuali.result.value.state.approved', 'kuali.result.value.type.value', 'BATCH', {ts '2012-09-16 20:00:00'}, 0);
insert into KSEN_LRC_RESULT_VALUE (CREATEID, CREATETIME, DESCR_FORMATTED, DESCR_PLAIN, EFF_DT, EXPIR_DT, ID, NAME, NUMERIC_VALUE, OBJ_ID, RESULT_SCALE_ID, RESULT_VALUE, RESULT_VALUE_STATE, RESULT_VALUE_TYPE, UPDATEID, UPDATETIME, VER_NBR) values ('BATCH', {ts '2012-09-16 20:00:00'}, '17.5', '17.5', {ts '2012-09-16 20:00:00'}, null, 'kuali.result.value.credit.degree.17.5', '17.5', 1, 'd2a2e932-7087-439a-aa55-7c0a87176c3a', 'kuali.result.scale.credit.degree', '17.5', 'kuali.result.value.state.approved', 'kuali.result.value.type.value', 'BATCH', {ts '2012-09-16 20:00:00'}, 0);
insert into KSEN_LRC_RESULT_VALUE (CREATEID, CREATETIME, DESCR_FORMATTED, DESCR_PLAIN, EFF_DT, EXPIR_DT, ID, NAME, NUMERIC_VALUE, OBJ_ID, RESULT_SCALE_ID, RESULT_VALUE, RESULT_VALUE_STATE, RESULT_VALUE_TYPE, UPDATEID, UPDATETIME, VER_NBR) values ('BATCH', {ts '2012-09-16 20:00:00'}, '18.0', '18.0', {ts '2012-09-16 20:00:00'}, null, 'kuali.result.value.credit.degree.18.0', '18.0', 1, '452e9f44-cb20-4ba3-b3d7-ba8d48194ff4', 'kuali.result.scale.credit.degree', '18.0', 'kuali.result.value.state.approved', 'kuali.result.value.type.value', 'BATCH', {ts '2012-09-16 20:00:00'}, 0);
insert into KSEN_LRC_RESULT_VALUE (CREATEID, CREATETIME, DESCR_FORMATTED, DESCR_PLAIN, EFF_DT, EXPIR_DT, ID, NAME, NUMERIC_VALUE, OBJ_ID, RESULT_SCALE_ID, RESULT_VALUE, RESULT_VALUE_STATE, RESULT_VALUE_TYPE, UPDATEID, UPDATETIME, VER_NBR) values ('BATCH', {ts '2012-09-16 20:00:00'}, '18.5', '18.5', {ts '2012-09-16 20:00:00'}, null, 'kuali.result.value.credit.degree.18.5', '18.5', 1, '27e973c6-949b-480f-a3be-698a86a211b2', 'kuali.result.scale.credit.degree', '18.5', 'kuali.result.value.state.approved', 'kuali.result.value.type.value', 'BATCH', {ts '2012-09-16 20:00:00'}, 0);
insert into KSEN_LRC_RESULT_VALUE (CREATEID, CREATETIME, DESCR_FORMATTED, DESCR_PLAIN, EFF_DT, EXPIR_DT, ID, NAME, NUMERIC_VALUE, OBJ_ID, RESULT_SCALE_ID, RESULT_VALUE, RESULT_VALUE_STATE, RESULT_VALUE_TYPE, UPDATEID, UPDATETIME, VER_NBR) values ('BATCH', {ts '2012-09-16 20:00:00'}, '19.0', '19.0', {ts '2012-09-16 20:00:00'}, null, 'kuali.result.value.credit.degree.19.0', '19.0', 1, '7a836043-582b-4895-b77c-0cb8fcc4d7d0', 'kuali.result.scale.credit.degree', '19.0', 'kuali.result.value.state.approved', 'kuali.result.value.type.value', 'BATCH', {ts '2012-09-16 20:00:00'}, 0);
insert into KSEN_LRC_RESULT_VALUE (CREATEID, CREATETIME, DESCR_FORMATTED, DESCR_PLAIN, EFF_DT, EXPIR_DT, ID, NAME, NUMERIC_VALUE, OBJ_ID, RESULT_SCALE_ID, RESULT_VALUE, RESULT_VALUE_STATE, RESULT_VALUE_TYPE, UPDATEID, UPDATETIME, VER_NBR) values ('BATCH', {ts '2012-09-16 20:00:00'}, '19.5', '19.5', {ts '2012-09-16 20:00:00'}, null, 'kuali.result.value.credit.degree.19.5', '19.5', 1, 'd247f756-44e1-408f-8893-e519398437a0', 'kuali.result.scale.credit.degree', '19.5', 'kuali.result.value.state.approved', 'kuali.result.value.type.value', 'BATCH', {ts '2012-09-16 20:00:00'}, 0);
insert into KSEN_LRC_RESULT_VALUE (CREATEID, CREATETIME, DESCR_FORMATTED, DESCR_PLAIN, EFF_DT, EXPIR_DT, ID, NAME, NUMERIC_VALUE, OBJ_ID, RESULT_SCALE_ID, RESULT_VALUE, RESULT_VALUE_STATE, RESULT_VALUE_TYPE, UPDATEID, UPDATETIME, VER_NBR) values ('BATCH', {ts '2012-09-16 20:00:00'}, '2.0', '2.0', {ts '2012-09-16 20:00:00'}, null, 'kuali.result.value.credit.degree.2.0', '2.0', 2, '9606ef94-3991-4caf-9ece-103e41b10caf', 'kuali.result.scale.credit.degree', '2.0', 'kuali.result.value.state.approved', 'kuali.result.value.type.value', 'BATCH', {ts '2012-09-16 20:00:00'}, 0);
insert into KSEN_LRC_RESULT_VALUE (CREATEID, CREATETIME, DESCR_FORMATTED, DESCR_PLAIN, EFF_DT, EXPIR_DT, ID, NAME, NUMERIC_VALUE, OBJ_ID, RESULT_SCALE_ID, RESULT_VALUE, RESULT_VALUE_STATE, RESULT_VALUE_TYPE, UPDATEID, UPDATETIME, VER_NBR) values ('BATCH', {ts '2012-09-16 20:00:00'}, '2.5', '2.5', {ts '2012-09-16 20:00:00'}, null, 'kuali.result.value.credit.degree.2.5', '2.5', 3, '950f772e-ba36-4261-93a8-0d41ed1501ce', 'kuali.result.scale.credit.degree', '2.5', 'kuali.result.value.state.approved', 'kuali.result.value.type.value', 'BATCH', {ts '2012-09-16 20:00:00'}, 0);
insert into KSEN_LRC_RESULT_VALUE (CREATEID, CREATETIME, DESCR_FORMATTED, DESCR_PLAIN, EFF_DT, EXPIR_DT, ID, NAME, NUMERIC_VALUE, OBJ_ID, RESULT_SCALE_ID, RESULT_VALUE, RESULT_VALUE_STATE, RESULT_VALUE_TYPE, UPDATEID, UPDATETIME, VER_NBR) values ('BATCH', {ts '2012-09-16 20:00:00'}, '20.0', '20.0', {ts '2012-09-16 20:00:00'}, null, 'kuali.result.value.credit.degree.20.0', '20.0', 1, '7879bc6c-6c58-4f80-8af3-fdf204ed7578', 'kuali.result.scale.credit.degree', '20.0', 'kuali.result.value.state.approved', 'kuali.result.value.type.value', 'BATCH', {ts '2012-09-16 20:00:00'}, 0);
insert into KSEN_LRC_RESULT_VALUE (CREATEID, CREATETIME, DESCR_FORMATTED, DESCR_PLAIN, EFF_DT, EXPIR_DT, ID, NAME, NUMERIC_VALUE, OBJ_ID, RESULT_SCALE_ID, RESULT_VALUE, RESULT_VALUE_STATE, RESULT_VALUE_TYPE, UPDATEID, UPDATETIME, VER_NBR) values ('BATCH', {ts '2012-09-16 20:00:00'}, '3.0', '3.0', {ts '2012-09-16 20:00:00'}, null, 'kuali.result.value.credit.degree.3.0', '3.0', 3, 'a7ae5c9a-c2b0-45b5-8341-a8772bbb41b4', 'kuali.result.scale.credit.degree', '3.0', 'kuali.result.value.state.approved', 'kuali.result.value.type.value', 'BATCH', {ts '2012-09-16 20:00:00'}, 0);
insert into KSEN_LRC_RESULT_VALUE (CREATEID, CREATETIME, DESCR_FORMATTED, DESCR_PLAIN, EFF_DT, EXPIR_DT, ID, NAME, NUMERIC_VALUE, OBJ_ID, RESULT_SCALE_ID, RESULT_VALUE, RESULT_VALUE_STATE, RESULT_VALUE_TYPE, UPDATEID, UPDATETIME, VER_NBR) values ('BATCH', {ts '2012-09-16 20:00:00'}, '3.5', '3.5', {ts '2012-09-16 20:00:00'}, null, 'kuali.result.value.credit.degree.3.5', '3.5', 4, '266a2496-d672-485e-91d3-6e4854215e7b', 'kuali.result.scale.credit.degree', '3.5', 'kuali.result.value.state.approved', 'kuali.result.value.type.value', 'BATCH', {ts '2012-09-16 20:00:00'}, 0);
insert into KSEN_LRC_RESULT_VALUE (CREATEID, CREATETIME, DESCR_FORMATTED, DESCR_PLAIN, EFF_DT, EXPIR_DT, ID, NAME, NUMERIC_VALUE, OBJ_ID, RESULT_SCALE_ID, RESULT_VALUE, RESULT_VALUE_STATE, RESULT_VALUE_TYPE, UPDATEID, UPDATETIME, VER_NBR) values ('BATCH', {ts '2012-09-16 20:00:00'}, '4.0', '4.0', {ts '2012-09-16 20:00:00'}, null, 'kuali.result.value.credit.degree.4.0', '4.0', 4, 'f5f021b5-c791-4994-aa85-6ff127b6a480', 'kuali.result.scale.credit.degree', '4.0', 'kuali.result.value.state.approved', 'kuali.result.value.type.value', 'BATCH', {ts '2012-09-16 20:00:00'}, 0);
insert into KSEN_LRC_RESULT_VALUE (CREATEID, CREATETIME, DESCR_FORMATTED, DESCR_PLAIN, EFF_DT, EXPIR_DT, ID, NAME, NUMERIC_VALUE, OBJ_ID, RESULT_SCALE_ID, RESULT_VALUE, RESULT_VALUE_STATE, RESULT_VALUE_TYPE, UPDATEID, UPDATETIME, VER_NBR) values ('BATCH', {ts '2012-09-16 20:00:00'}, '4.5', '4.5', {ts '2012-09-16 20:00:00'}, null, 'kuali.result.value.credit.degree.4.5', '4.5', 5, '9efccb0f-ab55-424e-9aad-c4d51f7c1aa2', 'kuali.result.scale.credit.degree', '4.5', 'kuali.result.value.state.approved', 'kuali.result.value.type.value', 'BATCH', {ts '2012-09-16 20:00:00'}, 0);
insert into KSEN_LRC_RESULT_VALUE (CREATEID, CREATETIME, DESCR_FORMATTED, DESCR_PLAIN, EFF_DT, EXPIR_DT, ID, NAME, NUMERIC_VALUE, OBJ_ID, RESULT_SCALE_ID, RESULT_VALUE, RESULT_VALUE_STATE, RESULT_VALUE_TYPE, UPDATEID, UPDATETIME, VER_NBR) values ('BATCH', {ts '2012-09-16 20:00:00'}, '5.0', '5.0', {ts '2012-09-16 20:00:00'}, null, 'kuali.result.value.credit.degree.5.0', '5.0', 5, 'f9fea17f-8fa5-4528-b628-deb201074132', 'kuali.result.scale.credit.degree', '5.0', 'kuali.result.value.state.approved', 'kuali.result.value.type.value', 'BATCH', {ts '2012-09-16 20:00:00'}, 0);
insert into KSEN_LRC_RESULT_VALUE (CREATEID, CREATETIME, DESCR_FORMATTED, DESCR_PLAIN, EFF_DT, EXPIR_DT, ID, NAME, NUMERIC_VALUE, OBJ_ID, RESULT_SCALE_ID, RESULT_VALUE, RESULT_VALUE_STATE, RESULT_VALUE_TYPE, UPDATEID, UPDATETIME, VER_NBR) values ('BATCH', {ts '2012-09-16 20:00:00'}, '5.5', '5.5', {ts '2012-09-16 20:00:00'}, null, 'kuali.result.value.credit.degree.5.5', '5.5', 6, '6c60d21a-e435-4926-9bca-3c7ad0521d0f', 'kuali.result.scale.credit.degree', '5.5', 'kuali.result.value.state.approved', 'kuali.result.value.type.value', 'BATCH', {ts '2012-09-16 20:00:00'}, 0);
insert into KSEN_LRC_RESULT_VALUE (CREATEID, CREATETIME, DESCR_FORMATTED, DESCR_PLAIN, EFF_DT, EXPIR_DT, ID, NAME, NUMERIC_VALUE, OBJ_ID, RESULT_SCALE_ID, RESULT_VALUE, RESULT_VALUE_STATE, RESULT_VALUE_TYPE, UPDATEID, UPDATETIME, VER_NBR) values ('BATCH', {ts '2012-09-16 20:00:00'}, '6.0', '6.0', {ts '2012-09-16 20:00:00'}, null, 'kuali.result.value.credit.degree.6.0', '6.0', 6, 'a68ee60e-0a05-4038-9d6a-5443bc8d8254', 'kuali.result.scale.credit.degree', '6.0', 'kuali.result.value.state.approved', 'kuali.result.value.type.value', 'BATCH', {ts '2012-09-16 20:00:00'}, 0);
insert into KSEN_LRC_RESULT_VALUE (CREATEID, CREATETIME, DESCR_FORMATTED, DESCR_PLAIN, EFF_DT, EXPIR_DT, ID, NAME, NUMERIC_VALUE, OBJ_ID, RESULT_SCALE_ID, RESULT_VALUE, RESULT_VALUE_STATE, RESULT_VALUE_TYPE, UPDATEID, UPDATETIME, VER_NBR) values ('BATCH', {ts '2012-09-16 20:00:00'}, '6.5', '6.5', {ts '2012-09-16 20:00:00'}, null, 'kuali.result.value.credit.degree.6.5', '6.5', 7, 'c918b027-8fce-476d-81c2-242ea0336334', 'kuali.result.scale.credit.degree', '6.5', 'kuali.result.value.state.approved', 'kuali.result.value.type.value', 'BATCH', {ts '2012-09-16 20:00:00'}, 0);
insert into KSEN_LRC_RESULT_VALUE (CREATEID, CREATETIME, DESCR_FORMATTED, DESCR_PLAIN, EFF_DT, EXPIR_DT, ID, NAME, NUMERIC_VALUE, OBJ_ID, RESULT_SCALE_ID, RESULT_VALUE, RESULT_VALUE_STATE, RESULT_VALUE_TYPE, UPDATEID, UPDATETIME, VER_NBR) values ('BATCH', {ts '2012-09-16 20:00:00'}, '7.0', '7.0', {ts '2012-09-16 20:00:00'}, null, 'kuali.result.value.credit.degree.7.0', '7.0', 7, 'efbae7a9-d2b4-4b88-96c5-5eff9228e61c', 'kuali.result.scale.credit.degree', '7.0', 'kuali.result.value.state.approved', 'kuali.result.value.type.value', 'BATCH', {ts '2012-09-16 20:00:00'}, 0);
insert into KSEN_LRC_RESULT_VALUE (CREATEID, CREATETIME, DESCR_FORMATTED, DESCR_PLAIN, EFF_DT, EXPIR_DT, ID, NAME, NUMERIC_VALUE, OBJ_ID, RESULT_SCALE_ID, RESULT_VALUE, RESULT_VALUE_STATE, RESULT_VALUE_TYPE, UPDATEID, UPDATETIME, VER_NBR) values ('BATCH', {ts '2012-09-16 20:00:00'}, '7.5', '7.5', {ts '2012-09-16 20:00:00'}, null, 'kuali.result.value.credit.degree.7.5', '7.5', 8, '3fc9e4b5-6cf2-44b5-bf8a-277b21751155', 'kuali.result.scale.credit.degree', '7.5', 'kuali.result.value.state.approved', 'kuali.result.value.type.value', 'BATCH', {ts '2012-09-16 20:00:00'}, 0);
insert into KSEN_LRC_RESULT_VALUE (CREATEID, CREATETIME, DESCR_FORMATTED, DESCR_PLAIN, EFF_DT, EXPIR_DT, ID, NAME, NUMERIC_VALUE, OBJ_ID, RESULT_SCALE_ID, RESULT_VALUE, RESULT_VALUE_STATE, RESULT_VALUE_TYPE, UPDATEID, UPDATETIME, VER_NBR) values ('BATCH', {ts '2012-09-16 20:00:00'}, '8.0', '8.0', {ts '2012-09-16 20:00:00'}, null, 'kuali.result.value.credit.degree.8.0', '8.0', 8, '18940a47-e5a4-4aba-a1ed-bf12f9dcc316', 'kuali.result.scale.credit.degree', '8.0', 'kuali.result.value.state.approved', 'kuali.result.value.type.value', 'BATCH', {ts '2012-09-16 20:00:00'}, 0);
insert into KSEN_LRC_RESULT_VALUE (CREATEID, CREATETIME, DESCR_FORMATTED, DESCR_PLAIN, EFF_DT, EXPIR_DT, ID, NAME, NUMERIC_VALUE, OBJ_ID, RESULT_SCALE_ID, RESULT_VALUE, RESULT_VALUE_STATE, RESULT_VALUE_TYPE, UPDATEID, UPDATETIME, VER_NBR) values ('BATCH', {ts '2012-09-16 20:00:00'}, '8.5', '8.5', {ts '2012-09-16 20:00:00'}, null, 'kuali.result.value.credit.degree.8.5', '8.5', 9, 'eb0dbe4b-9c5f-4ee4-9799-7a66dda22a10', 'kuali.result.scale.credit.degree', '8.5', 'kuali.result.value.state.approved', 'kuali.result.value.type.value', 'BATCH', {ts '2012-09-16 20:00:00'}, 0);
insert into KSEN_LRC_RESULT_VALUE (CREATEID, CREATETIME, DESCR_FORMATTED, DESCR_PLAIN, EFF_DT, EXPIR_DT, ID, NAME, NUMERIC_VALUE, OBJ_ID, RESULT_SCALE_ID, RESULT_VALUE, RESULT_VALUE_STATE, RESULT_VALUE_TYPE, UPDATEID, UPDATETIME, VER_NBR) values ('BATCH', {ts '2012-09-16 20:00:00'}, '9.0', '9.0', {ts '2012-09-16 20:00:00'}, null, 'kuali.result.value.credit.degree.9.0', '9.0', 9, '1c3e515f-82cc-4bac-9935-4c99958ec57d', 'kuali.result.scale.credit.degree', '9.0', 'kuali.result.value.state.approved', 'kuali.result.value.type.value', 'BATCH', {ts '2012-09-16 20:00:00'}, 0);
insert into KSEN_LRC_RESULT_VALUE (CREATEID, CREATETIME, DESCR_FORMATTED, DESCR_PLAIN, EFF_DT, EXPIR_DT, ID, NAME, NUMERIC_VALUE, OBJ_ID, RESULT_SCALE_ID, RESULT_VALUE, RESULT_VALUE_STATE, RESULT_VALUE_TYPE, UPDATEID, UPDATETIME, VER_NBR) values ('BATCH', {ts '2012-09-16 20:00:00'}, '9.5', '9.5', {ts '2012-09-16 20:00:00'}, null, 'kuali.result.value.credit.degree.9.5', '9.5', 10, '6b3d8206-dfbf-4803-abc2-153b3548798c', 'kuali.result.scale.credit.degree', '9.5', 'kuali.result.value.state.approved', 'kuali.result.value.type.value', 'BATCH', {ts '2012-09-16 20:00:00'}, 0);
insert into KSEN_LRC_RESULT_VALUE (CREATEID, CREATETIME, DESCR_FORMATTED, DESCR_PLAIN, EFF_DT, EXPIR_DT, ID, NAME, NUMERIC_VALUE, OBJ_ID, RESULT_SCALE_ID, RESULT_VALUE, RESULT_VALUE_STATE, RESULT_VALUE_TYPE, UPDATEID, UPDATETIME, VER_NBR) values ('SYSTEMLOADER', {ts '2012-09-16 20:00:00'}, '1', '1', null, null, 'kuali.result.value.credit.remedial.1', '1', 1, null, 'kuali.result.scale.credit.remedial', '1', 'kuali.result.value.state.approved', 'kuali.result.value.type.value', null, null, 0);
insert into KSEN_LRC_RESULT_VALUE (CREATEID, CREATETIME, DESCR_FORMATTED, DESCR_PLAIN, EFF_DT, EXPIR_DT, ID, NAME, NUMERIC_VALUE, OBJ_ID, RESULT_SCALE_ID, RESULT_VALUE, RESULT_VALUE_STATE, RESULT_VALUE_TYPE, UPDATEID, UPDATETIME, VER_NBR) values ('SYSTEMLOADER', {ts '2012-09-16 20:00:00'}, '2', '2', null, null, 'kuali.result.value.credit.remedial.2', '2', 2, null, 'kuali.result.scale.credit.remedial', '2', 'kuali.result.value.state.approved', 'kuali.result.value.type.value', null, null, 0);
insert into KSEN_LRC_RESULT_VALUE (CREATEID, CREATETIME, DESCR_FORMATTED, DESCR_PLAIN, EFF_DT, EXPIR_DT, ID, NAME, NUMERIC_VALUE, OBJ_ID, RESULT_SCALE_ID, RESULT_VALUE, RESULT_VALUE_STATE, RESULT_VALUE_TYPE, UPDATEID, UPDATETIME, VER_NBR) values ('SYSTEMLOADER', {ts '2012-09-16 20:00:00'}, '3', '3', null, null, 'kuali.result.value.credit.remedial.3', '3', 3, null, 'kuali.result.scale.credit.remedial', '3', 'kuali.result.value.state.approved', 'kuali.result.value.type.value', null, null, 0);
insert into KSEN_LRC_RESULT_VALUE (CREATEID, CREATETIME, DESCR_FORMATTED, DESCR_PLAIN, EFF_DT, EXPIR_DT, ID, NAME, NUMERIC_VALUE, OBJ_ID, RESULT_SCALE_ID, RESULT_VALUE, RESULT_VALUE_STATE, RESULT_VALUE_TYPE, UPDATEID, UPDATETIME, VER_NBR) values ('SYSTEMLOADER', {ts '2012-09-16 20:00:00'}, 'Associate of Arts', 'Associate of Arts', null, null, 'kuali.result.value.degree.aa', 'A.A.', 2, null, 'kuali.result.scale.degree', 'AA', 'kuali.result.value.state.approved', 'kuali.result.value.type.value', null, null, 0);
insert into KSEN_LRC_RESULT_VALUE (CREATEID, CREATETIME, DESCR_FORMATTED, DESCR_PLAIN, EFF_DT, EXPIR_DT, ID, NAME, NUMERIC_VALUE, OBJ_ID, RESULT_SCALE_ID, RESULT_VALUE, RESULT_VALUE_STATE, RESULT_VALUE_TYPE, UPDATEID, UPDATETIME, VER_NBR) values ('SYSTEMLOADER', {ts '2012-09-16 20:00:00'}, 'Associate of Science', 'Associate of Science', null, null, 'kuali.result.value.degree.as', 'A.S.', 2, null, 'kuali.result.scale.degree', 'AS', 'kuali.result.value.state.approved', 'kuali.result.value.type.value', null, null, 0);
insert into KSEN_LRC_RESULT_VALUE (CREATEID, CREATETIME, DESCR_FORMATTED, DESCR_PLAIN, EFF_DT, EXPIR_DT, ID, NAME, NUMERIC_VALUE, OBJ_ID, RESULT_SCALE_ID, RESULT_VALUE, RESULT_VALUE_STATE, RESULT_VALUE_TYPE, UPDATEID, UPDATETIME, VER_NBR) values ('SYSTEMLOADER', {ts '2012-09-16 20:00:00'}, 'Bachelor of Arts', 'Bachelor of Arts', null, null, 'kuali.result.value.degree.ba', 'B.A.', 4, null, 'kuali.result.scale.degree', 'BA', 'kuali.result.value.state.approved', 'kuali.result.value.type.value', null, null, 0);
insert into KSEN_LRC_RESULT_VALUE (CREATEID, CREATETIME, DESCR_FORMATTED, DESCR_PLAIN, EFF_DT, EXPIR_DT, ID, NAME, NUMERIC_VALUE, OBJ_ID, RESULT_SCALE_ID, RESULT_VALUE, RESULT_VALUE_STATE, RESULT_VALUE_TYPE, UPDATEID, UPDATETIME, VER_NBR) values ('SYSTEMLOADER', {ts '2012-09-16 20:00:00'}, 'Bachelor of Science', 'Bachelor of Science', null, null, 'kuali.result.value.degree.bsc', 'B.Sc.', 4, null, 'kuali.result.scale.degree', 'BSC', 'kuali.result.value.state.approved', 'kuali.result.value.type.value', null, null, 0);
insert into KSEN_LRC_RESULT_VALUE (CREATEID, CREATETIME, DESCR_FORMATTED, DESCR_PLAIN, EFF_DT, EXPIR_DT, ID, NAME, NUMERIC_VALUE, OBJ_ID, RESULT_SCALE_ID, RESULT_VALUE, RESULT_VALUE_STATE, RESULT_VALUE_TYPE, UPDATEID, UPDATETIME, VER_NBR) values ('SYSTEMLOADER', {ts '2012-09-16 20:00:00'}, 'Juris Doctor', 'Juris Doctor', null, null, 'kuali.result.value.degree.jd', 'J.D.', 7, null, 'kuali.result.scale.degree', 'JD', 'kuali.result.value.state.approved', 'kuali.result.value.type.value', null, null, 0);
insert into KSEN_LRC_RESULT_VALUE (CREATEID, CREATETIME, DESCR_FORMATTED, DESCR_PLAIN, EFF_DT, EXPIR_DT, ID, NAME, NUMERIC_VALUE, OBJ_ID, RESULT_SCALE_ID, RESULT_VALUE, RESULT_VALUE_STATE, RESULT_VALUE_TYPE, UPDATEID, UPDATETIME, VER_NBR) values ('SYSTEMLOADER', {ts '2012-09-16 20:00:00'}, 'Master of Arts', 'Master of Arts', null, null, 'kuali.result.value.degree.ma', 'M.A.', 6, null, 'kuali.result.scale.degree', 'MA', 'kuali.result.value.state.approved', 'kuali.result.value.type.value', null, null, 0);
insert into KSEN_LRC_RESULT_VALUE (CREATEID, CREATETIME, DESCR_FORMATTED, DESCR_PLAIN, EFF_DT, EXPIR_DT, ID, NAME, NUMERIC_VALUE, OBJ_ID, RESULT_SCALE_ID, RESULT_VALUE, RESULT_VALUE_STATE, RESULT_VALUE_TYPE, UPDATEID, UPDATETIME, VER_NBR) values ('SYSTEMLOADER', {ts '2012-09-16 20:00:00'}, 'Master of Architecture', 'Master of Architecture', null, null, 'kuali.result.value.degree.march', 'M.Arch.', 5, null, 'kuali.result.scale.degree', 'MARCH', 'kuali.result.value.state.approved', 'kuali.result.value.type.value', null, null, 0);
insert into KSEN_LRC_RESULT_VALUE (CREATEID, CREATETIME, DESCR_FORMATTED, DESCR_PLAIN, EFF_DT, EXPIR_DT, ID, NAME, NUMERIC_VALUE, OBJ_ID, RESULT_SCALE_ID, RESULT_VALUE, RESULT_VALUE_STATE, RESULT_VALUE_TYPE, UPDATEID, UPDATETIME, VER_NBR) values ('SYSTEMLOADER', {ts '2012-09-16 20:00:00'}, 'Master of Business Administration', 'Master of Business Administration', null, null, 'kuali.result.value.degree.mba', 'M.B.A.', 6, null, 'kuali.result.scale.degree', 'MBA', 'kuali.result.value.state.approved', 'kuali.result.value.type.value', null, null, 0);
insert into KSEN_LRC_RESULT_VALUE (CREATEID, CREATETIME, DESCR_FORMATTED, DESCR_PLAIN, EFF_DT, EXPIR_DT, ID, NAME, NUMERIC_VALUE, OBJ_ID, RESULT_SCALE_ID, RESULT_VALUE, RESULT_VALUE_STATE, RESULT_VALUE_TYPE, UPDATEID, UPDATETIME, VER_NBR) values ('SYSTEMLOADER', {ts '2012-09-16 20:00:00'}, 'Medical Doctor', 'Medical Doctor', null, null, 'kuali.result.value.degree.md', 'M.D.', 8, null, 'kuali.result.scale.degree', 'MD', 'kuali.result.value.state.approved', 'kuali.result.value.type.value', null, null, 0);
insert into KSEN_LRC_RESULT_VALUE (CREATEID, CREATETIME, DESCR_FORMATTED, DESCR_PLAIN, EFF_DT, EXPIR_DT, ID, NAME, NUMERIC_VALUE, OBJ_ID, RESULT_SCALE_ID, RESULT_VALUE, RESULT_VALUE_STATE, RESULT_VALUE_TYPE, UPDATEID, UPDATETIME, VER_NBR) values ('SYSTEMLOADER', {ts '2012-09-16 20:00:00'}, 'Master of Engineering', 'Master of Engineering', null, null, 'kuali.result.value.degree.meng', 'M. Eng.', 5, null, 'kuali.result.scale.degree', 'MENG', 'kuali.result.value.state.approved', 'kuali.result.value.type.value', null, null, 0);
insert into KSEN_LRC_RESULT_VALUE (CREATEID, CREATETIME, DESCR_FORMATTED, DESCR_PLAIN, EFF_DT, EXPIR_DT, ID, NAME, NUMERIC_VALUE, OBJ_ID, RESULT_SCALE_ID, RESULT_VALUE, RESULT_VALUE_STATE, RESULT_VALUE_TYPE, UPDATEID, UPDATETIME, VER_NBR) values ('SYSTEMLOADER', {ts '2012-09-16 20:00:00'}, 'Master of Science', 'Master of Science', null, null, 'kuali.result.value.degree.ms', 'M.S.', 6, null, 'kuali.result.scale.degree', 'MS', 'kuali.result.value.state.approved', 'kuali.result.value.type.value', null, null, 0);
insert into KSEN_LRC_RESULT_VALUE (CREATEID, CREATETIME, DESCR_FORMATTED, DESCR_PLAIN, EFF_DT, EXPIR_DT, ID, NAME, NUMERIC_VALUE, OBJ_ID, RESULT_SCALE_ID, RESULT_VALUE, RESULT_VALUE_STATE, RESULT_VALUE_TYPE, UPDATEID, UPDATETIME, VER_NBR) values ('SYSTEMLOADER', {ts '2012-09-16 20:00:00'}, 'Doctor of Philosophy', 'Doctor of Philosophy', null, null, 'kuali.result.value.degree.phd', 'Ph.D.', 8, null, 'kuali.result.scale.degree', 'PHD', 'kuali.result.value.state.approved', 'kuali.result.value.type.value', null, null, 0);
insert into KSEN_LRC_RESULT_VALUE (CREATEID, CREATETIME, DESCR_FORMATTED, DESCR_PLAIN, EFF_DT, EXPIR_DT, ID, NAME, NUMERIC_VALUE, OBJ_ID, RESULT_SCALE_ID, RESULT_VALUE, RESULT_VALUE_STATE, RESULT_VALUE_TYPE, UPDATEID, UPDATETIME, VER_NBR) values ('SYSTEMLOADER', {ts '2012-09-16 20:00:00'}, 'Grade given if student did not fully complete the course but was otherwise progressing satisfactorily', 'Grade given if student did not fully complete the course but was otherwise progressing satisfactorily', null, null, 'kuali.result.value.grade.admin.i', 'Incomplete', 0, null, 'kuali.result.scale.grade.admin', 'I', 'kuali.result.value.state.approved', 'kuali.result.value.type.value', null, null, 0);
insert into KSEN_LRC_RESULT_VALUE (CREATEID, CREATETIME, DESCR_FORMATTED, DESCR_PLAIN, EFF_DT, EXPIR_DT, ID, NAME, NUMERIC_VALUE, OBJ_ID, RESULT_SCALE_ID, RESULT_VALUE, RESULT_VALUE_STATE, RESULT_VALUE_TYPE, UPDATEID, UPDATETIME, VER_NBR) values ('SYSTEMLOADER', {ts '2012-09-16 20:00:00'}, 'In progress', 'In progress', null, null, 'kuali.result.value.grade.admin.ip', 'In progress', 0, null, 'kuali.result.scale.grade.admin', 'IP', 'kuali.result.value.state.approved', 'kuali.result.value.type.value', null, null, 0);
insert into KSEN_LRC_RESULT_VALUE (CREATEID, CREATETIME, DESCR_FORMATTED, DESCR_PLAIN, EFF_DT, EXPIR_DT, ID, NAME, NUMERIC_VALUE, OBJ_ID, RESULT_SCALE_ID, RESULT_VALUE, RESULT_VALUE_STATE, RESULT_VALUE_TYPE, UPDATEID, UPDATETIME, VER_NBR) values ('SYSTEMLOADER', {ts '2012-09-16 20:00:00'}, 'Judicial Review', 'Judicial Review', null, null, 'kuali.result.value.grade.admin.judicial', 'Judicial Review', 0, null, 'kuali.result.scale.grade.admin', 'JUDICIAL', 'kuali.result.value.state.approved', 'kuali.result.value.type.value', null, null, 0);
insert into KSEN_LRC_RESULT_VALUE (CREATEID, CREATETIME, DESCR_FORMATTED, DESCR_PLAIN, EFF_DT, EXPIR_DT, ID, NAME, NUMERIC_VALUE, OBJ_ID, RESULT_SCALE_ID, RESULT_VALUE, RESULT_VALUE_STATE, RESULT_VALUE_TYPE, UPDATEID, UPDATETIME, VER_NBR) values ('SYSTEMLOADER', {ts '2012-09-16 20:00:00'}, 'Not Reported', 'Not Reported', null, null, 'kuali.result.value.grade.admin.nr', 'Not Reported', 0, null, 'kuali.result.scale.grade.admin', 'NR', 'kuali.result.value.state.approved', 'kuali.result.value.type.value', null, null, 0);
insert into KSEN_LRC_RESULT_VALUE (CREATEID, CREATETIME, DESCR_FORMATTED, DESCR_PLAIN, EFF_DT, EXPIR_DT, ID, NAME, NUMERIC_VALUE, OBJ_ID, RESULT_SCALE_ID, RESULT_VALUE, RESULT_VALUE_STATE, RESULT_VALUE_TYPE, UPDATEID, UPDATETIME, VER_NBR) values ('SYSTEMLOADER', {ts '2012-09-16 20:00:00'}, 'Withdrew Late', 'Withdrew Late', null, null, 'kuali.result.value.grade.admin.w', 'Withdrew Late', 0, null, 'kuali.result.scale.grade.admin', 'W', 'kuali.result.value.state.approved', 'kuali.result.value.type.value', null, null, 0);
insert into KSEN_LRC_RESULT_VALUE (CREATEID, CREATETIME, DESCR_FORMATTED, DESCR_PLAIN, EFF_DT, EXPIR_DT, ID, NAME, NUMERIC_VALUE, OBJ_ID, RESULT_SCALE_ID, RESULT_VALUE, RESULT_VALUE_STATE, RESULT_VALUE_TYPE, UPDATEID, UPDATETIME, VER_NBR) values ('SYSTEMLOADER', {ts '2012-09-16 20:00:00'}, 'Completed', 'Completed', null, null, 'kuali.result.value.grade.completed.c', 'Completed', 2, null, 'kuali.result.scale.grade.completed', 'Completed', 'kuali.result.value.state.approved', 'kuali.result.value.type.value', null, null, 0);
insert into KSEN_LRC_RESULT_VALUE (CREATEID, CREATETIME, DESCR_FORMATTED, DESCR_PLAIN, EFF_DT, EXPIR_DT, ID, NAME, NUMERIC_VALUE, OBJ_ID, RESULT_SCALE_ID, RESULT_VALUE, RESULT_VALUE_STATE, RESULT_VALUE_TYPE, UPDATEID, UPDATETIME, VER_NBR) values ('SYSTEMLOADER', {ts '2012-09-16 20:00:00'}, 'In-Progress', 'In-Progress', null, null, 'kuali.result.value.grade.completed.ip', 'In-Progress', 1, null, 'kuali.result.scale.grade.completed', 'In-Progress', 'kuali.result.value.state.approved', 'kuali.result.value.type.value', null, null, 0);
insert into KSEN_LRC_RESULT_VALUE (CREATEID, CREATETIME, DESCR_FORMATTED, DESCR_PLAIN, EFF_DT, EXPIR_DT, ID, NAME, NUMERIC_VALUE, OBJ_ID, RESULT_SCALE_ID, RESULT_VALUE, RESULT_VALUE_STATE, RESULT_VALUE_TYPE, UPDATEID, UPDATETIME, VER_NBR) values ('SYSTEMLOADER', {ts '2012-09-16 20:00:00'}, 'Not-Completed', 'Not-Completed', null, null, 'kuali.result.value.grade.completed.nc', 'Not-Completed', 0, null, 'kuali.result.scale.grade.completed', 'Not-Completed', 'kuali.result.value.state.approved', 'kuali.result.value.type.value', null, null, 0);
insert into KSEN_LRC_RESULT_VALUE (CREATEID, CREATETIME, DESCR_FORMATTED, DESCR_PLAIN, EFF_DT, EXPIR_DT, ID, NAME, NUMERIC_VALUE, OBJ_ID, RESULT_SCALE_ID, RESULT_VALUE, RESULT_VALUE_STATE, RESULT_VALUE_TYPE, UPDATEID, UPDATETIME, VER_NBR) values ('SYSTEMLOADER', {ts '2012-09-16 20:00:00'}, 'Excellent', 'Excellent', null, null, 'kuali.result.value.grade.letter.a', 'Excellent', 4, null, 'kuali.result.scale.grade.letter', 'A', 'kuali.result.value.state.approved', 'kuali.result.value.type.value', null, null, 0);
insert into KSEN_LRC_RESULT_VALUE (CREATEID, CREATETIME, DESCR_FORMATTED, DESCR_PLAIN, EFF_DT, EXPIR_DT, ID, NAME, NUMERIC_VALUE, OBJ_ID, RESULT_SCALE_ID, RESULT_VALUE, RESULT_VALUE_STATE, RESULT_VALUE_TYPE, UPDATEID, UPDATETIME, VER_NBR) values ('SYSTEMLOADER', {ts '2012-09-16 20:00:00'}, 'Good', 'Good', null, null, 'kuali.result.value.grade.letter.b', 'Good', 3, null, 'kuali.result.scale.grade.letter', 'B', 'kuali.result.value.state.approved', 'kuali.result.value.type.value', null, null, 0);
insert into KSEN_LRC_RESULT_VALUE (CREATEID, CREATETIME, DESCR_FORMATTED, DESCR_PLAIN, EFF_DT, EXPIR_DT, ID, NAME, NUMERIC_VALUE, OBJ_ID, RESULT_SCALE_ID, RESULT_VALUE, RESULT_VALUE_STATE, RESULT_VALUE_TYPE, UPDATEID, UPDATETIME, VER_NBR) values ('SYSTEMLOADER', {ts '2012-09-16 20:00:00'}, 'Average', 'Average', null, null, 'kuali.result.value.grade.letter.c', 'Average', 2, null, 'kuali.result.scale.grade.letter', 'C', 'kuali.result.value.state.approved', 'kuali.result.value.type.value', null, null, 0);
insert into KSEN_LRC_RESULT_VALUE (CREATEID, CREATETIME, DESCR_FORMATTED, DESCR_PLAIN, EFF_DT, EXPIR_DT, ID, NAME, NUMERIC_VALUE, OBJ_ID, RESULT_SCALE_ID, RESULT_VALUE, RESULT_VALUE_STATE, RESULT_VALUE_TYPE, UPDATEID, UPDATETIME, VER_NBR) values ('SYSTEMLOADER', {ts '2012-09-16 20:00:00'}, 'Below Average', 'Below Average', null, null, 'kuali.result.value.grade.letter.d', 'Below Average', 1, null, 'kuali.result.scale.grade.letter', 'D', 'kuali.result.value.state.approved', 'kuali.result.value.type.value', null, null, 0);
insert into KSEN_LRC_RESULT_VALUE (CREATEID, CREATETIME, DESCR_FORMATTED, DESCR_PLAIN, EFF_DT, EXPIR_DT, ID, NAME, NUMERIC_VALUE, OBJ_ID, RESULT_SCALE_ID, RESULT_VALUE, RESULT_VALUE_STATE, RESULT_VALUE_TYPE, UPDATEID, UPDATETIME, VER_NBR) values ('SYSTEMLOADER', {ts '2012-09-16 20:00:00'}, 'Failing', 'Failing', null, null, 'kuali.result.value.grade.letter.f', 'Failing', 0, null, 'kuali.result.scale.grade.letter', 'F', 'kuali.result.value.state.approved', 'kuali.result.value.type.value', null, null, 0);
insert into KSEN_LRC_RESULT_VALUE (CREATEID, CREATETIME, DESCR_FORMATTED, DESCR_PLAIN, EFF_DT, EXPIR_DT, ID, NAME, NUMERIC_VALUE, OBJ_ID, RESULT_SCALE_ID, RESULT_VALUE, RESULT_VALUE_STATE, RESULT_VALUE_TYPE, UPDATEID, UPDATETIME, VER_NBR) values ('SYSTEMLOADER', {ts '2012-09-16 20:00:00'}, 'A', 'A', null, null, 'kuali.result.value.grade.letter.plus.minus.a', 'A', 4, null, 'kuali.result.scale.grade.letter.plus.minus', 'A', 'kuali.result.value.state.approved', 'kuali.result.value.type.value', null, null, 0);
insert into KSEN_LRC_RESULT_VALUE (CREATEID, CREATETIME, DESCR_FORMATTED, DESCR_PLAIN, EFF_DT, EXPIR_DT, ID, NAME, NUMERIC_VALUE, OBJ_ID, RESULT_SCALE_ID, RESULT_VALUE, RESULT_VALUE_STATE, RESULT_VALUE_TYPE, UPDATEID, UPDATETIME, VER_NBR) values ('SYSTEMLOADER', {ts '2012-09-16 20:00:00'}, 'A+', 'A+', null, null, 'kuali.result.value.grade.letter.plus.minus.a+', 'A+', 4, null, 'kuali.result.scale.grade.letter.plus.minus', 'A+', 'kuali.result.value.state.approved', 'kuali.result.value.type.value', null, null, 0);
insert into KSEN_LRC_RESULT_VALUE (CREATEID, CREATETIME, DESCR_FORMATTED, DESCR_PLAIN, EFF_DT, EXPIR_DT, ID, NAME, NUMERIC_VALUE, OBJ_ID, RESULT_SCALE_ID, RESULT_VALUE, RESULT_VALUE_STATE, RESULT_VALUE_TYPE, UPDATEID, UPDATETIME, VER_NBR) values ('SYSTEMLOADER', {ts '2012-09-16 20:00:00'}, 'A-', 'A-', null, null, 'kuali.result.value.grade.letter.plus.minus.a-', 'A-', 4, null, 'kuali.result.scale.grade.letter.plus.minus', 'A-', 'kuali.result.value.state.approved', 'kuali.result.value.type.value', null, null, 0);
insert into KSEN_LRC_RESULT_VALUE (CREATEID, CREATETIME, DESCR_FORMATTED, DESCR_PLAIN, EFF_DT, EXPIR_DT, ID, NAME, NUMERIC_VALUE, OBJ_ID, RESULT_SCALE_ID, RESULT_VALUE, RESULT_VALUE_STATE, RESULT_VALUE_TYPE, UPDATEID, UPDATETIME, VER_NBR) values ('SYSTEMLOADER', {ts '2012-09-16 20:00:00'}, 'B', 'B', null, null, 'kuali.result.value.grade.letter.plus.minus.b', 'B', 3, null, 'kuali.result.scale.grade.letter.plus.minus', 'B', 'kuali.result.value.state.approved', 'kuali.result.value.type.value', null, null, 0);
insert into KSEN_LRC_RESULT_VALUE (CREATEID, CREATETIME, DESCR_FORMATTED, DESCR_PLAIN, EFF_DT, EXPIR_DT, ID, NAME, NUMERIC_VALUE, OBJ_ID, RESULT_SCALE_ID, RESULT_VALUE, RESULT_VALUE_STATE, RESULT_VALUE_TYPE, UPDATEID, UPDATETIME, VER_NBR) values ('SYSTEMLOADER', {ts '2012-09-16 20:00:00'}, 'B+', 'B+', null, null, 'kuali.result.value.grade.letter.plus.minus.b+', 'B+', 3, null, 'kuali.result.scale.grade.letter.plus.minus', 'B+', 'kuali.result.value.state.approved', 'kuali.result.value.type.value', null, null, 0);
insert into KSEN_LRC_RESULT_VALUE (CREATEID, CREATETIME, DESCR_FORMATTED, DESCR_PLAIN, EFF_DT, EXPIR_DT, ID, NAME, NUMERIC_VALUE, OBJ_ID, RESULT_SCALE_ID, RESULT_VALUE, RESULT_VALUE_STATE, RESULT_VALUE_TYPE, UPDATEID, UPDATETIME, VER_NBR) values ('SYSTEMLOADER', {ts '2012-09-16 20:00:00'}, 'B-', 'B-', null, null, 'kuali.result.value.grade.letter.plus.minus.b-', 'B-', 3, null, 'kuali.result.scale.grade.letter.plus.minus', 'B-', 'kuali.result.value.state.approved', 'kuali.result.value.type.value', null, null, 0);
insert into KSEN_LRC_RESULT_VALUE (CREATEID, CREATETIME, DESCR_FORMATTED, DESCR_PLAIN, EFF_DT, EXPIR_DT, ID, NAME, NUMERIC_VALUE, OBJ_ID, RESULT_SCALE_ID, RESULT_VALUE, RESULT_VALUE_STATE, RESULT_VALUE_TYPE, UPDATEID, UPDATETIME, VER_NBR) values ('SYSTEMLOADER', {ts '2012-09-16 20:00:00'}, 'C', 'C', null, null, 'kuali.result.value.grade.letter.plus.minus.c', 'C', 2, null, 'kuali.result.scale.grade.letter.plus.minus', 'C', 'kuali.result.value.state.approved', 'kuali.result.value.type.value', null, null, 0);
insert into KSEN_LRC_RESULT_VALUE (CREATEID, CREATETIME, DESCR_FORMATTED, DESCR_PLAIN, EFF_DT, EXPIR_DT, ID, NAME, NUMERIC_VALUE, OBJ_ID, RESULT_SCALE_ID, RESULT_VALUE, RESULT_VALUE_STATE, RESULT_VALUE_TYPE, UPDATEID, UPDATETIME, VER_NBR) values ('SYSTEMLOADER', {ts '2012-09-16 20:00:00'}, 'C+', 'C+', null, null, 'kuali.result.value.grade.letter.plus.minus.c+', 'C+', 2, null, 'kuali.result.scale.grade.letter.plus.minus', 'C+', 'kuali.result.value.state.approved', 'kuali.result.value.type.value', null, null, 0);
insert into KSEN_LRC_RESULT_VALUE (CREATEID, CREATETIME, DESCR_FORMATTED, DESCR_PLAIN, EFF_DT, EXPIR_DT, ID, NAME, NUMERIC_VALUE, OBJ_ID, RESULT_SCALE_ID, RESULT_VALUE, RESULT_VALUE_STATE, RESULT_VALUE_TYPE, UPDATEID, UPDATETIME, VER_NBR) values ('SYSTEMLOADER', {ts '2012-09-16 20:00:00'}, 'C-', 'C-', null, null, 'kuali.result.value.grade.letter.plus.minus.c-', 'C-', 2, null, 'kuali.result.scale.grade.letter.plus.minus', 'C-', 'kuali.result.value.state.approved', 'kuali.result.value.type.value', null, null, 0);
insert into KSEN_LRC_RESULT_VALUE (CREATEID, CREATETIME, DESCR_FORMATTED, DESCR_PLAIN, EFF_DT, EXPIR_DT, ID, NAME, NUMERIC_VALUE, OBJ_ID, RESULT_SCALE_ID, RESULT_VALUE, RESULT_VALUE_STATE, RESULT_VALUE_TYPE, UPDATEID, UPDATETIME, VER_NBR) values ('SYSTEMLOADER', {ts '2012-09-16 20:00:00'}, 'D', 'D', null, null, 'kuali.result.value.grade.letter.plus.minus.d', 'D', 1, null, 'kuali.result.scale.grade.letter.plus.minus', 'D', 'kuali.result.value.state.approved', 'kuali.result.value.type.value', null, null, 0);
insert into KSEN_LRC_RESULT_VALUE (CREATEID, CREATETIME, DESCR_FORMATTED, DESCR_PLAIN, EFF_DT, EXPIR_DT, ID, NAME, NUMERIC_VALUE, OBJ_ID, RESULT_SCALE_ID, RESULT_VALUE, RESULT_VALUE_STATE, RESULT_VALUE_TYPE, UPDATEID, UPDATETIME, VER_NBR) values ('SYSTEMLOADER', {ts '2012-09-16 20:00:00'}, 'D+', 'D+', null, null, 'kuali.result.value.grade.letter.plus.minus.d+', 'D+', 1, null, 'kuali.result.scale.grade.letter.plus.minus', 'D+', 'kuali.result.value.state.approved', 'kuali.result.value.type.value', null, null, 0);
insert into KSEN_LRC_RESULT_VALUE (CREATEID, CREATETIME, DESCR_FORMATTED, DESCR_PLAIN, EFF_DT, EXPIR_DT, ID, NAME, NUMERIC_VALUE, OBJ_ID, RESULT_SCALE_ID, RESULT_VALUE, RESULT_VALUE_STATE, RESULT_VALUE_TYPE, UPDATEID, UPDATETIME, VER_NBR) values ('SYSTEMLOADER', {ts '2012-09-16 20:00:00'}, 'D-', 'D-', null, null, 'kuali.result.value.grade.letter.plus.minus.d-', 'D-', 1, null, 'kuali.result.scale.grade.letter.plus.minus', 'D-', 'kuali.result.value.state.approved', 'kuali.result.value.type.value', null, null, 0);
insert into KSEN_LRC_RESULT_VALUE (CREATEID, CREATETIME, DESCR_FORMATTED, DESCR_PLAIN, EFF_DT, EXPIR_DT, ID, NAME, NUMERIC_VALUE, OBJ_ID, RESULT_SCALE_ID, RESULT_VALUE, RESULT_VALUE_STATE, RESULT_VALUE_TYPE, UPDATEID, UPDATETIME, VER_NBR) values ('SYSTEMLOADER', {ts '2012-09-16 20:00:00'}, 'F', 'F', null, null, 'kuali.result.value.grade.letter.plus.minus.f', 'F', 0, null, 'kuali.result.scale.grade.letter.plus.minus', 'F', 'kuali.result.value.state.approved', 'kuali.result.value.type.value', null, null, 0);
insert into KSEN_LRC_RESULT_VALUE (CREATEID, CREATETIME, DESCR_FORMATTED, DESCR_PLAIN, EFF_DT, EXPIR_DT, ID, NAME, NUMERIC_VALUE, OBJ_ID, RESULT_SCALE_ID, RESULT_VALUE, RESULT_VALUE_STATE, RESULT_VALUE_TYPE, UPDATEID, UPDATETIME, VER_NBR) values ('SYSTEMLOADER', {ts '2012-09-16 20:00:00'}, '0-59%', '0-59%', null, null, 'kuali.result.value.grade.percentage.0.59', '0-59%', 0, null, 'kuali.result.scale.grade.percentage', '0-59%', 'kuali.result.value.state.approved', 'kuali.result.value.type.value', null, null, 0);
insert into KSEN_LRC_RESULT_VALUE (CREATEID, CREATETIME, DESCR_FORMATTED, DESCR_PLAIN, EFF_DT, EXPIR_DT, ID, NAME, NUMERIC_VALUE, OBJ_ID, RESULT_SCALE_ID, RESULT_VALUE, RESULT_VALUE_STATE, RESULT_VALUE_TYPE, UPDATEID, UPDATETIME, VER_NBR) values ('SYSTEMLOADER', {ts '2012-09-16 20:00:00'}, '60-69%', '60-69%', null, null, 'kuali.result.value.grade.percentage.60.69', '60-69%', 1, null, 'kuali.result.scale.grade.percentage', '60-69%', 'kuali.result.value.state.approved', 'kuali.result.value.type.value', null, null, 0);
insert into KSEN_LRC_RESULT_VALUE (CREATEID, CREATETIME, DESCR_FORMATTED, DESCR_PLAIN, EFF_DT, EXPIR_DT, ID, NAME, NUMERIC_VALUE, OBJ_ID, RESULT_SCALE_ID, RESULT_VALUE, RESULT_VALUE_STATE, RESULT_VALUE_TYPE, UPDATEID, UPDATETIME, VER_NBR) values ('SYSTEMLOADER', {ts '2012-09-16 20:00:00'}, '70-79%', '70-79%', null, null, 'kuali.result.value.grade.percentage.70.79', '70-79%', 2, null, 'kuali.result.scale.grade.percentage', '70-79%', 'kuali.result.value.state.approved', 'kuali.result.value.type.value', null, null, 0);
insert into KSEN_LRC_RESULT_VALUE (CREATEID, CREATETIME, DESCR_FORMATTED, DESCR_PLAIN, EFF_DT, EXPIR_DT, ID, NAME, NUMERIC_VALUE, OBJ_ID, RESULT_SCALE_ID, RESULT_VALUE, RESULT_VALUE_STATE, RESULT_VALUE_TYPE, UPDATEID, UPDATETIME, VER_NBR) values ('SYSTEMLOADER', {ts '2012-09-16 20:00:00'}, '80-84%', '80-84%', null, null, 'kuali.result.value.grade.percentage.80.84', '80-84%', 3, null, 'kuali.result.scale.grade.percentage', '80-84%', 'kuali.result.value.state.approved', 'kuali.result.value.type.value', null, null, 0);
insert into KSEN_LRC_RESULT_VALUE (CREATEID, CREATETIME, DESCR_FORMATTED, DESCR_PLAIN, EFF_DT, EXPIR_DT, ID, NAME, NUMERIC_VALUE, OBJ_ID, RESULT_SCALE_ID, RESULT_VALUE, RESULT_VALUE_STATE, RESULT_VALUE_TYPE, UPDATEID, UPDATETIME, VER_NBR) values ('SYSTEMLOADER', {ts '2012-09-16 20:00:00'}, '85-89%', '85-89%', null, null, 'kuali.result.value.grade.percentage.85.89', '85-89%', 4, null, 'kuali.result.scale.grade.percentage', '85-89%', 'kuali.result.value.state.approved', 'kuali.result.value.type.value', null, null, 0);
insert into KSEN_LRC_RESULT_VALUE (CREATEID, CREATETIME, DESCR_FORMATTED, DESCR_PLAIN, EFF_DT, EXPIR_DT, ID, NAME, NUMERIC_VALUE, OBJ_ID, RESULT_SCALE_ID, RESULT_VALUE, RESULT_VALUE_STATE, RESULT_VALUE_TYPE, UPDATEID, UPDATETIME, VER_NBR) values ('SYSTEMLOADER', {ts '2012-09-16 20:00:00'}, '90-94%', '90-94%', null, null, 'kuali.result.value.grade.percentage.90.94', '90-94%', 5, null, 'kuali.result.scale.grade.percentage', '90-94%', 'kuali.result.value.state.approved', 'kuali.result.value.type.value', null, null, 0);
insert into KSEN_LRC_RESULT_VALUE (CREATEID, CREATETIME, DESCR_FORMATTED, DESCR_PLAIN, EFF_DT, EXPIR_DT, ID, NAME, NUMERIC_VALUE, OBJ_ID, RESULT_SCALE_ID, RESULT_VALUE, RESULT_VALUE_STATE, RESULT_VALUE_TYPE, UPDATEID, UPDATETIME, VER_NBR) values ('SYSTEMLOADER', {ts '2012-09-16 20:00:00'}, '>95%', '>95%', null, null, 'kuali.result.value.grade.percentage.95.100', '>95%', 6, null, 'kuali.result.scale.grade.percentage', '>95%', 'kuali.result.value.state.approved', 'kuali.result.value.type.value', null, null, 0);
insert into KSEN_LRC_RESULT_VALUE (CREATEID, CREATETIME, DESCR_FORMATTED, DESCR_PLAIN, EFF_DT, EXPIR_DT, ID, NAME, NUMERIC_VALUE, OBJ_ID, RESULT_SCALE_ID, RESULT_VALUE, RESULT_VALUE_STATE, RESULT_VALUE_TYPE, UPDATEID, UPDATETIME, VER_NBR) values ('SYSTEMLOADER', {ts '2012-09-16 20:00:00'}, 'Fail', 'Fail', null, null, 'kuali.result.value.grade.pf.f', 'Fail', 0, null, 'kuali.result.scale.grade.pf', 'Fail', 'kuali.result.value.state.approved', 'kuali.result.value.type.value', null, null, 0);
insert into KSEN_LRC_RESULT_VALUE (CREATEID, CREATETIME, DESCR_FORMATTED, DESCR_PLAIN, EFF_DT, EXPIR_DT, ID, NAME, NUMERIC_VALUE, OBJ_ID, RESULT_SCALE_ID, RESULT_VALUE, RESULT_VALUE_STATE, RESULT_VALUE_TYPE, UPDATEID, UPDATETIME, VER_NBR) values ('SYSTEMLOADER', {ts '2012-09-16 20:00:00'}, 'Pass', 'Pass', null, null, 'kuali.result.value.grade.pf.p', 'Pass', 1, null, 'kuali.result.scale.grade.pf', 'Pass', 'kuali.result.value.state.approved', 'kuali.result.value.type.value', null, null, 0);
insert into KSEN_LRC_RESULT_VALUE (CREATEID, CREATETIME, DESCR_FORMATTED, DESCR_PLAIN, EFF_DT, EXPIR_DT, ID, NAME, NUMERIC_VALUE, OBJ_ID, RESULT_SCALE_ID, RESULT_VALUE, RESULT_VALUE_STATE, RESULT_VALUE_TYPE, UPDATEID, UPDATETIME, VER_NBR) values ('SYSTEMLOADER', {ts '2012-09-16 20:00:00'}, 'No Pass', 'No Pass', null, null, 'kuali.result.value.grade.pnp.np', 'No Pass', 0, null, 'kuali.result.scale.grade.pnp', 'NP', 'kuali.result.value.state.approved', 'kuali.result.value.type.value', null, null, 0);
insert into KSEN_LRC_RESULT_VALUE (CREATEID, CREATETIME, DESCR_FORMATTED, DESCR_PLAIN, EFF_DT, EXPIR_DT, ID, NAME, NUMERIC_VALUE, OBJ_ID, RESULT_SCALE_ID, RESULT_VALUE, RESULT_VALUE_STATE, RESULT_VALUE_TYPE, UPDATEID, UPDATETIME, VER_NBR) values ('SYSTEMLOADER', {ts '2012-09-16 20:00:00'}, 'Pass', 'Pass', null, null, 'kuali.result.value.grade.pnp.p', 'Pass', 1, null, 'kuali.result.scale.grade.pnp', 'P', 'kuali.result.value.state.approved', 'kuali.result.value.type.value', null, null, 0);
insert into KSEN_LRC_RESULT_VALUE (CREATEID, CREATETIME, DESCR_FORMATTED, DESCR_PLAIN, EFF_DT, EXPIR_DT, ID, NAME, NUMERIC_VALUE, OBJ_ID, RESULT_SCALE_ID, RESULT_VALUE, RESULT_VALUE_STATE, RESULT_VALUE_TYPE, UPDATEID, UPDATETIME, VER_NBR) values ('SYSTEMLOADER', {ts '2012-09-16 20:00:00'}, 'Not-Satisfactory', 'Not-Satisfactory', null, null, 'kuali.result.value.grade.satisfactory.ns', 'Not-Satisfactory', 0, null, 'kuali.result.scale.grade.pnp', 'Not-Satisfactory', 'kuali.result.value.state.approved', 'kuali.result.value.type.value', null, null, 0);
insert into KSEN_LRC_RESULT_VALUE (CREATEID, CREATETIME, DESCR_FORMATTED, DESCR_PLAIN, EFF_DT, EXPIR_DT, ID, NAME, NUMERIC_VALUE, OBJ_ID, RESULT_SCALE_ID, RESULT_VALUE, RESULT_VALUE_STATE, RESULT_VALUE_TYPE, UPDATEID, UPDATETIME, VER_NBR) values ('SYSTEMLOADER', {ts '2012-09-16 20:00:00'}, 'Satisfactory', 'Satisfactory', null, null, 'kuali.result.value.grade.satisfactory.s', 'Satisfactory', 1, null, 'kuali.result.scale.grade.pnp', 'Satisfactory', 'kuali.result.value.state.approved', 'kuali.result.value.type.value', null, null, 0);
insert into KSEN_LRC_RESULT_VALUE (CREATEID, CREATETIME, DESCR_FORMATTED, DESCR_PLAIN, EFF_DT, EXPIR_DT, ID, NAME, NUMERIC_VALUE, OBJ_ID, RESULT_SCALE_ID, RESULT_VALUE, RESULT_VALUE_STATE, RESULT_VALUE_TYPE, UPDATEID, UPDATETIME, VER_NBR) values ('SYSTEMLOADER', {ts '2012-09-16 20:00:00'}, 'Indicates the student made the deans list', 'Indicates the student made the deans list', null, null, 'kuali.result.value.honor.deans.list.on', 'On Dean''s List', 1, null, 'kuali.result.scale.honor.deans.list', 'On', 'kuali.result.value.state.approved', 'kuali.result.value.type.value', null, null, 0);
insert into KSEN_LRC_RESULT_VALUE (CREATEID, CREATETIME, DESCR_FORMATTED, DESCR_PLAIN, EFF_DT, EXPIR_DT, ID, NAME, NUMERIC_VALUE, OBJ_ID, RESULT_SCALE_ID, RESULT_VALUE, RESULT_VALUE_STATE, RESULT_VALUE_TYPE, UPDATEID, UPDATETIME, VER_NBR) values ('SYSTEMLOADER', {ts '2012-09-16 20:00:00'}, 'With honor', 'With honor', null, null, 'kuali.result.value.honor.degree.latin.laud', 'Cum Laud', 1, null, 'kuali.result.scale.honor.degree.latin', 'Laud', 'kuali.result.value.state.approved', 'kuali.result.value.type.value', null, null, 0);
insert into KSEN_LRC_RESULT_VALUE (CREATEID, CREATETIME, DESCR_FORMATTED, DESCR_PLAIN, EFF_DT, EXPIR_DT, ID, NAME, NUMERIC_VALUE, OBJ_ID, RESULT_SCALE_ID, RESULT_VALUE, RESULT_VALUE_STATE, RESULT_VALUE_TYPE, UPDATEID, UPDATETIME, VER_NBR) values ('SYSTEMLOADER', {ts '2012-09-16 20:00:00'}, 'With high honor', 'With high honor', null, null, 'kuali.result.value.honor.degree.latin.magna', 'Magna Cum Laud', 2, null, 'kuali.result.scale.honor.degree.latin', 'Magna', 'kuali.result.value.state.approved', 'kuali.result.value.type.value', null, null, 0);
insert into KSEN_LRC_RESULT_VALUE (CREATEID, CREATETIME, DESCR_FORMATTED, DESCR_PLAIN, EFF_DT, EXPIR_DT, ID, NAME, NUMERIC_VALUE, OBJ_ID, RESULT_SCALE_ID, RESULT_VALUE, RESULT_VALUE_STATE, RESULT_VALUE_TYPE, UPDATEID, UPDATETIME, VER_NBR) values ('SYSTEMLOADER', {ts '2012-09-16 20:00:00'}, 'With highest honor', 'With highest honor', null, null, 'kuali.result.value.honor.degree.latin.summa', 'Summa Cum Laud', 3, null, 'kuali.result.scale.honor.degree.latin', 'Summa', 'kuali.result.value.state.approved', 'kuali.result.value.type.value', null, null, 0);
insert into KSEN_LRC_RESULT_VALUE (CREATEID, CREATETIME, DESCR_FORMATTED, DESCR_PLAIN, EFF_DT, EXPIR_DT, ID, NAME, NUMERIC_VALUE, OBJ_ID, RESULT_SCALE_ID, RESULT_VALUE, RESULT_VALUE_STATE, RESULT_VALUE_TYPE, UPDATEID, UPDATETIME, VER_NBR) values ('SYSTEMLOADER', {ts '2012-09-16 20:00:00'}, 'Minor in some area of focus in association with the pursuite of a major.', 'Minor in some area of focus in association with the pursuite of a major.', null, null, 'kuali.result.value.minor', 'Minor', null, null, 'kuali.result.scale.minor', 'MINOR', 'kuali.result.value.state.approved', 'kuali.result.value.type.value', null, null, 0);
insert into KSEN_LRC_RESULT_VALUE (CREATEID, CREATETIME, DESCR_FORMATTED, DESCR_PLAIN, EFF_DT, EXPIR_DT, ID, NAME, NUMERIC_VALUE, OBJ_ID, RESULT_SCALE_ID, RESULT_VALUE, RESULT_VALUE_STATE, RESULT_VALUE_TYPE, UPDATEID, UPDATETIME, VER_NBR) values ('SYSTEMLOADER', {ts '2012-09-16 20:00:00'}, 'Freshman', 'Freshman', null, null, 'kuali.result.value.student.year.1', 'Freshman', 1, null, 'kuali.result.scale.student.year', '1', 'kuali.result.value.state.approved', 'kuali.result.value.type.value', null, null, 0);
insert into KSEN_LRC_RESULT_VALUE (CREATEID, CREATETIME, DESCR_FORMATTED, DESCR_PLAIN, EFF_DT, EXPIR_DT, ID, NAME, NUMERIC_VALUE, OBJ_ID, RESULT_SCALE_ID, RESULT_VALUE, RESULT_VALUE_STATE, RESULT_VALUE_TYPE, UPDATEID, UPDATETIME, VER_NBR) values ('SYSTEMLOADER', {ts '2012-09-16 20:00:00'}, 'Sophomore', 'Sophomore', null, null, 'kuali.result.value.student.year.2', 'Sophomore', 2, null, 'kuali.result.scale.student.year', '2', 'kuali.result.value.state.approved', 'kuali.result.value.type.value', null, null, 0);
insert into KSEN_LRC_RESULT_VALUE (CREATEID, CREATETIME, DESCR_FORMATTED, DESCR_PLAIN, EFF_DT, EXPIR_DT, ID, NAME, NUMERIC_VALUE, OBJ_ID, RESULT_SCALE_ID, RESULT_VALUE, RESULT_VALUE_STATE, RESULT_VALUE_TYPE, UPDATEID, UPDATETIME, VER_NBR) values ('SYSTEMLOADER', {ts '2012-09-16 20:00:00'}, 'Junior', 'Junior', null, null, 'kuali.result.value.student.year.3', 'Junior', 3, null, 'kuali.result.scale.student.year', '3', 'kuali.result.value.state.approved', 'kuali.result.value.type.value', null, null, 0);
insert into KSEN_LRC_RESULT_VALUE (CREATEID, CREATETIME, DESCR_FORMATTED, DESCR_PLAIN, EFF_DT, EXPIR_DT, ID, NAME, NUMERIC_VALUE, OBJ_ID, RESULT_SCALE_ID, RESULT_VALUE, RESULT_VALUE_STATE, RESULT_VALUE_TYPE, UPDATEID, UPDATETIME, VER_NBR) values ('SYSTEMLOADER', {ts '2012-09-16 20:00:00'}, 'Senior', 'Senior', null, null, 'kuali.result.value.student.year.4', 'Senior', 4, null, 'kuali.result.scale.student.year', '4', 'kuali.result.value.state.approved', 'kuali.result.value.type.value', null, null, 0);
insert into KSEN_LRC_RESULT_VALUE (CREATEID, CREATETIME, DESCR_FORMATTED, DESCR_PLAIN, EFF_DT, EXPIR_DT, ID, NAME, NUMERIC_VALUE, OBJ_ID, RESULT_SCALE_ID, RESULT_VALUE, RESULT_VALUE_STATE, RESULT_VALUE_TYPE, UPDATEID, UPDATETIME, VER_NBR) values ('SYSTEMLOADER', {ts '2012-09-16 20:00:00'}, 'Graduate Student', 'Graduate Student', null, null, 'kuali.result.value.student.year.g', 'Graduate Student', 5, null, 'kuali.result.scale.student.year', 'G', 'kuali.result.value.state.approved', 'kuali.result.value.type.value', null, null, 0);
insert into KSEN_LRC_RESULT_VALUE (CREATEID, CREATETIME, DESCR_FORMATTED, DESCR_PLAIN, EFF_DT, EXPIR_DT, ID, NAME, NUMERIC_VALUE, OBJ_ID, RESULT_SCALE_ID, RESULT_VALUE, RESULT_VALUE_STATE, RESULT_VALUE_TYPE, UPDATEID, UPDATETIME, VER_NBR) values ('SYSTEMLOADER', {ts '2012-09-16 20:00:00'}, 'First Year Graduate Student', 'First Year Graduate Student', null, null, 'kuali.result.value.student.year.grad.g1', 'First Year Grad', 1, null, 'kuali.result.scale.student.year.grad', 'G1', 'kuali.result.value.state.approved', 'kuali.result.value.type.value', null, null, 0);
insert into KSEN_LRC_RESULT_VALUE (CREATEID, CREATETIME, DESCR_FORMATTED, DESCR_PLAIN, EFF_DT, EXPIR_DT, ID, NAME, NUMERIC_VALUE, OBJ_ID, RESULT_SCALE_ID, RESULT_VALUE, RESULT_VALUE_STATE, RESULT_VALUE_TYPE, UPDATEID, UPDATETIME, VER_NBR) values ('SYSTEMLOADER', {ts '2012-09-16 20:00:00'}, 'Graduate Student who is in her second or subsequent year of graduate school but is still taking classes', 'Graduate Student who is in her second or subsequent year of graduate school but is still taking classes', null, null, 'kuali.result.value.student.year.grad.g2', 'Second Subsequent Grad', 2, null, 'kuali.result.scale.student.year.grad', 'G2', 'kuali.result.value.state.approved', 'kuali.result.value.type.value', null, null, 0);
insert into KSEN_LRC_RESULT_VALUE (CREATEID, CREATETIME, DESCR_FORMATTED, DESCR_PLAIN, EFF_DT, EXPIR_DT, ID, NAME, NUMERIC_VALUE, OBJ_ID, RESULT_SCALE_ID, RESULT_VALUE, RESULT_VALUE_STATE, RESULT_VALUE_TYPE, UPDATEID, UPDATETIME, VER_NBR) values ('SYSTEMLOADER', {ts '2012-09-16 20:00:00'}, 'First Year Student', 'First Year Student', null, null, 'kuali.result.value.student.year.lockstep.1', 'First Year Student', 1, null, 'kuali.result.scale.student.year.lockstep', '1', 'kuali.result.value.state.approved', 'kuali.result.value.type.value', null, null, 0);
insert into KSEN_LRC_RESULT_VALUE (CREATEID, CREATETIME, DESCR_FORMATTED, DESCR_PLAIN, EFF_DT, EXPIR_DT, ID, NAME, NUMERIC_VALUE, OBJ_ID, RESULT_SCALE_ID, RESULT_VALUE, RESULT_VALUE_STATE, RESULT_VALUE_TYPE, UPDATEID, UPDATETIME, VER_NBR) values ('SYSTEMLOADER', {ts '2012-09-16 20:00:00'}, 'Second Year Student', 'Second Year Student', null, null, 'kuali.result.value.student.year.lockstep.2', 'Second Year Student', 2, null, 'kuali.result.scale.student.year.lockstep', '2', 'kuali.result.value.state.approved', 'kuali.result.value.type.value', null, null, 0);
insert into KSEN_LRC_RESULT_VALUE (CREATEID, CREATETIME, DESCR_FORMATTED, DESCR_PLAIN, EFF_DT, EXPIR_DT, ID, NAME, NUMERIC_VALUE, OBJ_ID, RESULT_SCALE_ID, RESULT_VALUE, RESULT_VALUE_STATE, RESULT_VALUE_TYPE, UPDATEID, UPDATETIME, VER_NBR) values ('SYSTEMLOADER', {ts '2012-09-16 20:00:00'}, 'Third Year Student', 'Third Year Student', null, null, 'kuali.result.value.student.year.lockstep.3', 'Third Year Student', 3, null, 'kuali.result.scale.student.year.lockstep', '3', 'kuali.result.value.state.approved', 'kuali.result.value.type.value', null, null, 0);
insert into KSEN_LRC_RESULT_VALUE (CREATEID, CREATETIME, DESCR_FORMATTED, DESCR_PLAIN, EFF_DT, EXPIR_DT, ID, NAME, NUMERIC_VALUE, OBJ_ID, RESULT_SCALE_ID, RESULT_VALUE, RESULT_VALUE_STATE, RESULT_VALUE_TYPE, UPDATEID, UPDATETIME, VER_NBR) values ('SYSTEMLOADER', {ts '2012-09-16 20:00:00'}, 'Fourth Year Student', 'Fourth Year Student', null, null, 'kuali.result.value.student.year.lockstep.4', 'Fourth Year Student', 4, null, 'kuali.result.scale.student.year.lockstep', '4', 'kuali.result.value.state.approved', 'kuali.result.value.type.value', null, null, 0);


insert into KSEN_LRC_RVG (CREATEID, CREATETIME, DESCR_FORMATTED, DESCR_PLAIN, EFF_DT, EXPIR_DT, ID, NAME, OBJ_ID, RANGE_INCREMENT, RANGE_MAX_VALUE, RANGE_MIN_VALUE, RESULT_SCALE_ID, RVG_STATE, RVG_TYPE, UPDATEID, UPDATETIME, VER_NBR) values ('BATCH', {ts '2012-09-16 20:00:00'}, '3.0,3.5,4.0,4.5,5.0,5.5,6.0,6.5,7.0,7.5,8.0,8.5,9.0 Academic Credits', '3.0,3.5,4.0,4.5,5.0,5.5,6.0,6.5,7.0,7.5,8.0,8.5,9.0 Academic Credits', {ts '2012-09-16 20:00:00'}, null, 'kuali.creditType.credit.degree.3.0,3.5,4.0,4.5,5.0,5.5,6.0,6.5,7.0,7.5,8.0,8.5,9.0', '3.0,3.5,4.0,4.5,5.0,5.5,6.0,6.5,7.0,7.5,8.0,8.5,9.0 Credits', '40ebb6e8-2749-4f9e-a307-54a156bcc34a', null, null, null, 'kuali.result.scale.credit.degree', 'kuali.result.values.group.state.approved', 'kuali.result.values.group.type.multiple', 'BATCH', {ts '2012-09-16 20:00:00'}, 0);
insert into KSEN_LRC_RVG (CREATEID, CREATETIME, DESCR_FORMATTED, DESCR_PLAIN, EFF_DT, EXPIR_DT, ID, NAME, OBJ_ID, RANGE_INCREMENT, RANGE_MAX_VALUE, RANGE_MIN_VALUE, RESULT_SCALE_ID, RVG_STATE, RVG_TYPE, UPDATEID, UPDATETIME, VER_NBR) values ('Retired', {ts '2012-09-16 20:00:00'}, '4.0 Academic Credits', '4.0 Academic Credits', null, null, 'kuali.creditType.credit.degree.4.0', '4.0 Credits', '60bc082c-2f21-4cbf-8e77-6a636cd92a93', null, '4', '4', 'kuali.result.scale.credit.degree', 'kuali.result.values.group.state.approved', 'kuali.result.values.group.type.fixed', 'SYSTEMLOADER', {ts '2012-09-16 20:00:00'}, 0);
insert into KSEN_LRC_RVG (CREATEID, CREATETIME, DESCR_FORMATTED, DESCR_PLAIN, EFF_DT, EXPIR_DT, ID, NAME, OBJ_ID, RANGE_INCREMENT, RANGE_MAX_VALUE, RANGE_MIN_VALUE, RESULT_SCALE_ID, RVG_STATE, RVG_TYPE, UPDATEID, UPDATETIME, VER_NBR) values ('BATCH', {ts '2012-09-16 20:00:00'}, '4.0,4.5,5.0 Academic Credits', '4.0,4.5,5.0 Academic Credits', {ts '2012-09-16 20:00:00'}, null, 'kuali.creditType.credit.degree.4.0,4.5,5.0', '4.0,4.5,5.0 Credits', 'a297c75e-0883-4247-8817-d777bfc0943a', null, null, null, 'kuali.result.scale.credit.degree', 'kuali.result.values.group.state.approved', 'kuali.result.values.group.type.multiple', 'BATCH', {ts '2012-09-16 20:00:00'}, 0);
insert into KSEN_LRC_RVG (CREATEID, CREATETIME, DESCR_FORMATTED, DESCR_PLAIN, EFF_DT, EXPIR_DT, ID, NAME, OBJ_ID, RANGE_INCREMENT, RANGE_MAX_VALUE, RANGE_MIN_VALUE, RESULT_SCALE_ID, RVG_STATE, RVG_TYPE, UPDATEID, UPDATETIME, VER_NBR) values ('Retired', {ts '2012-09-16 20:00:00'}, '5.0 Academic Credits', '5.0 Academic Credits', null, null, 'kuali.creditType.credit.degree.5.0', '5.0 Credits', '58e5d79f-b847-4925-8004-972ffab87428', null, '5', '5', 'kuali.result.scale.credit.degree', 'kuali.result.values.group.state.approved', 'kuali.result.values.group.type.fixed', 'SYSTEMLOADER', {ts '2012-09-16 20:00:00'}, 0);
insert into KSEN_LRC_RVG (CREATEID, CREATETIME, DESCR_FORMATTED, DESCR_PLAIN, EFF_DT, EXPIR_DT, ID, NAME, OBJ_ID, RANGE_INCREMENT, RANGE_MAX_VALUE, RANGE_MIN_VALUE, RESULT_SCALE_ID, RVG_STATE, RVG_TYPE, UPDATEID, UPDATETIME, VER_NBR) values ('Active', {ts '2012-09-16 20:00:00'}, '6.0 Academic Credits', '6.0 Academic Credits', null, null, 'kuali.creditType.credit.degree.6.0', '6.0 Credits', 'd892c8fe-77e2-44e8-b3b9-8e09b22baaf8', null, '6', '6', 'kuali.result.scale.credit.degree', 'kuali.result.values.group.state.approved', 'kuali.result.values.group.type.fixed', 'SYSTEMLOADER', {ts '2012-09-16 20:00:00'}, 0);
insert into KSEN_LRC_RVG (CREATEID, CREATETIME, DESCR_FORMATTED, DESCR_PLAIN, EFF_DT, EXPIR_DT, ID, NAME, OBJ_ID, RANGE_INCREMENT, RANGE_MAX_VALUE, RANGE_MIN_VALUE, RESULT_SCALE_ID, RVG_STATE, RVG_TYPE, UPDATEID, UPDATETIME, VER_NBR) values ('Active', {ts '2012-09-16 20:00:00'}, '8.0 Academic Credits', '8.0 Academic Credits', null, null, 'kuali.creditType.credit.degree.8.0', '8.0 Credits', '326bbc3c-4abb-49be-bc44-78b02c652929', null, '8', '8', 'kuali.result.scale.credit.degree', 'kuali.result.values.group.state.approved', 'kuali.result.values.group.type.fixed', 'SYSTEMLOADER', {ts '2012-09-16 20:00:00'}, 0);
insert into KSEN_LRC_RVG (CREATEID, CREATETIME, DESCR_FORMATTED, DESCR_PLAIN, EFF_DT, EXPIR_DT, ID, NAME, OBJ_ID, RANGE_INCREMENT, RANGE_MAX_VALUE, RANGE_MIN_VALUE, RESULT_SCALE_ID, RVG_STATE, RVG_TYPE, UPDATEID, UPDATETIME, VER_NBR) values ('SYSTEMLOADER', {ts '2012-09-16 20:00:00'}, '1 credit for work in remedial courses that do not count towards the degree requirements', '1 credit for work in remedial courses that do not count towards the degree requirements', null, null, 'kuali.result.group.credit.remedial.fixed.1', '1 Remedial Credit', null, null, 'ial.fixed.1', 'ial.fixed.1', 'kuali.result.scale.credit.remedial', 'kuali.result.values.group.state.approved', 'kuali.result.values.group.type.fixed', null, null, 0);
insert into KSEN_LRC_RVG (CREATEID, CREATETIME, DESCR_FORMATTED, DESCR_PLAIN, EFF_DT, EXPIR_DT, ID, NAME, OBJ_ID, RANGE_INCREMENT, RANGE_MAX_VALUE, RANGE_MIN_VALUE, RESULT_SCALE_ID, RVG_STATE, RVG_TYPE, UPDATEID, UPDATETIME, VER_NBR) values ('SYSTEMLOADER', {ts '2012-09-16 20:00:00'}, '2 credits for work in remedial courses that do not count towards the degree requirements', '2 credits for work in remedial courses that do not count towards the degree requirements', null, null, 'kuali.result.group.credit.remedial.fixed.2', '2 Remedial Credits', null, null, 'ial.fixed.2', 'ial.fixed.2', 'kuali.result.scale.credit.remedial', 'kuali.result.values.group.state.approved', 'kuali.result.values.group.type.fixed', null, null, 0);
insert into KSEN_LRC_RVG (CREATEID, CREATETIME, DESCR_FORMATTED, DESCR_PLAIN, EFF_DT, EXPIR_DT, ID, NAME, OBJ_ID, RANGE_INCREMENT, RANGE_MAX_VALUE, RANGE_MIN_VALUE, RESULT_SCALE_ID, RVG_STATE, RVG_TYPE, UPDATEID, UPDATETIME, VER_NBR) values ('SYSTEMLOADER', {ts '2012-09-16 20:00:00'}, '3 credits for work in remedial courses that do not count towards the degree requirements', '3 credits for work in remedial courses that do not count towards the degree requirements', null, null, 'kuali.result.group.credit.remedial.fixed.3', '3 Remedial Credits', null, null, 'ial.fixed.3', 'ial.fixed.3', 'kuali.result.scale.credit.remedial', 'kuali.result.values.group.state.approved', 'kuali.result.values.group.type.fixed', null, null, 0);
insert into KSEN_LRC_RVG (CREATEID, CREATETIME, DESCR_FORMATTED, DESCR_PLAIN, EFF_DT, EXPIR_DT, ID, NAME, OBJ_ID, RANGE_INCREMENT, RANGE_MAX_VALUE, RANGE_MIN_VALUE, RESULT_SCALE_ID, RVG_STATE, RVG_TYPE, UPDATEID, UPDATETIME, VER_NBR) values ('SYSTEMLOADER', {ts '2012-09-16 20:00:00'}, 'Associate of Arts Degree', 'Associate of Arts Degree', null, null, 'kuali.result.group.degree.aa', 'Associate of Arts', null, null, null, null, 'kuali.result.scale.degree', 'kuali.result.values.group.state.approved', 'kuali.result.values.group.type.fixed', null, null, 0);
insert into KSEN_LRC_RVG (CREATEID, CREATETIME, DESCR_FORMATTED, DESCR_PLAIN, EFF_DT, EXPIR_DT, ID, NAME, OBJ_ID, RANGE_INCREMENT, RANGE_MAX_VALUE, RANGE_MIN_VALUE, RESULT_SCALE_ID, RVG_STATE, RVG_TYPE, UPDATEID, UPDATETIME, VER_NBR) values ('SYSTEMLOADER', {ts '2012-09-16 20:00:00'}, 'Associate of Science Degree', 'Associate of Science Degree', null, null, 'kuali.result.group.degree.as', 'Associate of Science', null, null, null, null, 'kuali.result.scale.degree', 'kuali.result.values.group.state.approved', 'kuali.result.values.group.type.fixed', null, null, 0);
insert into KSEN_LRC_RVG (CREATEID, CREATETIME, DESCR_FORMATTED, DESCR_PLAIN, EFF_DT, EXPIR_DT, ID, NAME, OBJ_ID, RANGE_INCREMENT, RANGE_MAX_VALUE, RANGE_MIN_VALUE, RESULT_SCALE_ID, RVG_STATE, RVG_TYPE, UPDATEID, UPDATETIME, VER_NBR) values ('SYSTEMLOADER', {ts '2012-09-16 20:00:00'}, 'Associate Degrees that may be awarded for this program', 'Associate Degrees that may be awarded for this program', null, null, 'kuali.result.group.degree.associates', 'Associates Degrees', null, null, null, null, 'kuali.result.scale.degree', 'kuali.result.values.group.state.approved', 'kuali.result.values.group.type.multiple', null, null, 0);
insert into KSEN_LRC_RVG (CREATEID, CREATETIME, DESCR_FORMATTED, DESCR_PLAIN, EFF_DT, EXPIR_DT, ID, NAME, OBJ_ID, RANGE_INCREMENT, RANGE_MAX_VALUE, RANGE_MIN_VALUE, RESULT_SCALE_ID, RVG_STATE, RVG_TYPE, UPDATEID, UPDATETIME, VER_NBR) values ('SYSTEMLOADER', {ts '2012-09-16 20:00:00'}, 'Bachelor Degrees that may be awarded for this program', 'Bachelor Degrees that may be awarded for this program', null, null, 'kuali.result.group.degree.bachelors', 'Bachelor Degrees', null, null, null, null, 'kuali.result.scale.degree', 'kuali.result.values.group.state.approved', 'kuali.result.values.group.type.multiple', null, null, 0);
insert into KSEN_LRC_RVG (CREATEID, CREATETIME, DESCR_FORMATTED, DESCR_PLAIN, EFF_DT, EXPIR_DT, ID, NAME, OBJ_ID, RANGE_INCREMENT, RANGE_MAX_VALUE, RANGE_MIN_VALUE, RESULT_SCALE_ID, RVG_STATE, RVG_TYPE, UPDATEID, UPDATETIME, VER_NBR) values ('SYSTEMLOADER', {ts '2012-09-16 20:00:00'}, 'Doctoral degrees', 'Doctoral degrees', null, null, 'kuali.result.group.degree.doctoral', 'Doctoral Degrees', null, null, null, null, 'kuali.result.scale.degree', 'kuali.result.values.group.state.approved', 'kuali.result.values.group.type.multiple', null, null, 0);
insert into KSEN_LRC_RVG (CREATEID, CREATETIME, DESCR_FORMATTED, DESCR_PLAIN, EFF_DT, EXPIR_DT, ID, NAME, OBJ_ID, RANGE_INCREMENT, RANGE_MAX_VALUE, RANGE_MIN_VALUE, RESULT_SCALE_ID, RVG_STATE, RVG_TYPE, UPDATEID, UPDATETIME, VER_NBR) values ('SYSTEMLOADER', {ts '2012-09-16 20:00:00'}, 'Master of Arts Degree', 'Master of Arts Degree', null, null, 'kuali.result.group.degree.ma', 'Master of Arts', null, null, null, null, 'kuali.result.scale.degree', 'kuali.result.values.group.state.approved', 'kuali.result.values.group.type.fixed', null, null, 0);
insert into KSEN_LRC_RVG (CREATEID, CREATETIME, DESCR_FORMATTED, DESCR_PLAIN, EFF_DT, EXPIR_DT, ID, NAME, OBJ_ID, RANGE_INCREMENT, RANGE_MAX_VALUE, RANGE_MIN_VALUE, RESULT_SCALE_ID, RVG_STATE, RVG_TYPE, UPDATEID, UPDATETIME, VER_NBR) values ('SYSTEMLOADER', {ts '2012-09-16 20:00:00'}, 'Master of Architecture Degree', 'Master of Architecture Degree', null, null, 'kuali.result.group.degree.march', 'Master of Architecture', null, null, null, null, 'kuali.result.scale.degree', 'kuali.result.values.group.state.approved', 'kuali.result.values.group.type.fixed', null, null, 0);
insert into KSEN_LRC_RVG (CREATEID, CREATETIME, DESCR_FORMATTED, DESCR_PLAIN, EFF_DT, EXPIR_DT, ID, NAME, OBJ_ID, RANGE_INCREMENT, RANGE_MAX_VALUE, RANGE_MIN_VALUE, RESULT_SCALE_ID, RVG_STATE, RVG_TYPE, UPDATEID, UPDATETIME, VER_NBR) values ('SYSTEMLOADER', {ts '2012-09-16 20:00:00'}, 'Masters degrees that may be awarded for this program', 'Masters degrees that may be awarded for this program', null, null, 'kuali.result.group.degree.masters', 'Associates Degrees', null, null, null, null, 'kuali.result.scale.degree', 'kuali.result.values.group.state.approved', 'kuali.result.values.group.type.multiple', null, null, 0);
insert into KSEN_LRC_RVG (CREATEID, CREATETIME, DESCR_FORMATTED, DESCR_PLAIN, EFF_DT, EXPIR_DT, ID, NAME, OBJ_ID, RANGE_INCREMENT, RANGE_MAX_VALUE, RANGE_MIN_VALUE, RESULT_SCALE_ID, RVG_STATE, RVG_TYPE, UPDATEID, UPDATETIME, VER_NBR) values ('SYSTEMLOADER', {ts '2012-09-16 20:00:00'}, 'Master of Engineering Degree', 'Master of Engineering Degree', null, null, 'kuali.result.group.degree.meng', 'Master of Engineering', null, null, null, null, 'kuali.result.scale.degree', 'kuali.result.values.group.state.approved', 'kuali.result.values.group.type.fixed', null, null, 0);
insert into KSEN_LRC_RVG (CREATEID, CREATETIME, DESCR_FORMATTED, DESCR_PLAIN, EFF_DT, EXPIR_DT, ID, NAME, OBJ_ID, RANGE_INCREMENT, RANGE_MAX_VALUE, RANGE_MIN_VALUE, RESULT_SCALE_ID, RVG_STATE, RVG_TYPE, UPDATEID, UPDATETIME, VER_NBR) values ('SYSTEMLOADER', {ts '2012-09-16 20:00:00'}, 'Master of Science Degree', 'Master of Science Degree', null, null, 'kuali.result.group.degree.ms', 'Master of Science', null, null, null, null, 'kuali.result.scale.degree', 'kuali.result.values.group.state.approved', 'kuali.result.values.group.type.fixed', null, null, 0);
insert into KSEN_LRC_RVG (CREATEID, CREATETIME, DESCR_FORMATTED, DESCR_PLAIN, EFF_DT, EXPIR_DT, ID, NAME, OBJ_ID, RANGE_INCREMENT, RANGE_MAX_VALUE, RANGE_MIN_VALUE, RESULT_SCALE_ID, RVG_STATE, RVG_TYPE, UPDATEID, UPDATETIME, VER_NBR) values ('SYSTEMLOADER', {ts '2012-09-16 20:00:00'}, 'Bachelor of Science Degree', 'Bachelor of Science Degree', null, null, 'kuali.result.group.degree.phd', 'Bachelor of Science', null, null, null, null, 'kuali.result.scale.degree', 'kuali.result.values.group.state.approved', 'kuali.result.values.group.type.fixed', null, null, 0);
insert into KSEN_LRC_RVG (CREATEID, CREATETIME, DESCR_FORMATTED, DESCR_PLAIN, EFF_DT, EXPIR_DT, ID, NAME, OBJ_ID, RANGE_INCREMENT, RANGE_MAX_VALUE, RANGE_MIN_VALUE, RESULT_SCALE_ID, RVG_STATE, RVG_TYPE, UPDATEID, UPDATETIME, VER_NBR) values ('SYSTEMLOADER', {ts '2012-09-16 20:00:00'}, 'Professional Degrees', 'Professional Degrees', null, null, 'kuali.result.group.degree.professional', 'Professional Degrees', null, null, null, null, 'kuali.result.scale.degree', 'kuali.result.values.group.state.approved', 'kuali.result.values.group.type.multiple', null, null, 0);
insert into KSEN_LRC_RVG (CREATEID, CREATETIME, DESCR_FORMATTED, DESCR_PLAIN, EFF_DT, EXPIR_DT, ID, NAME, OBJ_ID, RANGE_INCREMENT, RANGE_MAX_VALUE, RANGE_MIN_VALUE, RESULT_SCALE_ID, RVG_STATE, RVG_TYPE, UPDATEID, UPDATETIME, VER_NBR) values ('SYSTEMLOADER', {ts '2012-09-16 20:00:00'}, 'GPA', 'GPA', null, null, 'kuali.result.group.gpa', 'GPA', null, '0.1', '4', '0', 'kuali.result.scale.gpa', 'kuali.result.values.group.state.approved', 'kuali.result.values.group.type.range', null, null, 0);
insert into KSEN_LRC_RVG (CREATEID, CREATETIME, DESCR_FORMATTED, DESCR_PLAIN, EFF_DT, EXPIR_DT, ID, NAME, OBJ_ID, RANGE_INCREMENT, RANGE_MAX_VALUE, RANGE_MIN_VALUE, RESULT_SCALE_ID, RVG_STATE, RVG_TYPE, UPDATEID, UPDATETIME, VER_NBR) values ('SYSTEMLOADER', {ts '2012-09-16 20:00:00'}, 'GPA', 'GPA', null, null, 'kuali.result.group.gpa.two.decimals', 'GPA', null, '0.01', '4', '0', 'kuali.result.scale.gpa.two.decimals', 'kuali.result.values.group.state.approved', 'kuali.result.values.group.type.range', null, null, 0);
insert into KSEN_LRC_RVG (CREATEID, CREATETIME, DESCR_FORMATTED, DESCR_PLAIN, EFF_DT, EXPIR_DT, ID, NAME, OBJ_ID, RANGE_INCREMENT, RANGE_MAX_VALUE, RANGE_MIN_VALUE, RESULT_SCALE_ID, RVG_STATE, RVG_TYPE, UPDATEID, UPDATETIME, VER_NBR) values ('SYSTEMLOADER', {ts '2012-09-16 20:00:00'}, 'Administrative grades that can be awarded to the first course in a multi-course series taught over consecutive semesters where the final grade applies to all the work done over both semesters. Basically allows for the in-progress grade to be awarded', 'Administrative grades that can be awarded to the first course in a multi-course series taught over consecutive semesters where the final grade applies to all the work done over both semesters. Basically allows for the in-progress grade to be awarded', null, null, 'kuali.result.group.grade.admin.in-progress', 'Administrative Grade for In-Progress', null, null, null, null, 'kuali.result.scale.grade.admin', 'kuali.result.values.group.state.approved', 'kuali.result.values.group.type.multiple', null, null, 0);
insert into KSEN_LRC_RVG (CREATEID, CREATETIME, DESCR_FORMATTED, DESCR_PLAIN, EFF_DT, EXPIR_DT, ID, NAME, OBJ_ID, RANGE_INCREMENT, RANGE_MAX_VALUE, RANGE_MIN_VALUE, RESULT_SCALE_ID, RVG_STATE, RVG_TYPE, UPDATEID, UPDATETIME, VER_NBR) values ('SYSTEMLOADER', {ts '2012-09-16 20:00:00'}, 'Administrative grades that can be awarded to regular courses. In progress type of grades are not allowed.', 'Administrative grades that can be awarded to regular courses. In progress type of grades are not allowed.', null, null, 'kuali.result.group.grade.admin.standard', 'Administrative Grades for Regular Courses', null, null, null, null, 'kuali.result.scale.grade.admin', 'kuali.result.values.group.state.approved', 'kuali.result.values.group.type.multiple', null, null, 0);
insert into KSEN_LRC_RVG (CREATEID, CREATETIME, DESCR_FORMATTED, DESCR_PLAIN, EFF_DT, EXPIR_DT, ID, NAME, OBJ_ID, RANGE_INCREMENT, RANGE_MAX_VALUE, RANGE_MIN_VALUE, RESULT_SCALE_ID, RVG_STATE, RVG_TYPE, UPDATEID, UPDATETIME, VER_NBR) values ('SYSTEMLOADER', {ts '2012-09-16 20:00:00'}, 'Graduate Student grading that does not allow for a D it is considered failing', 'Graduate Student grading that does not allow for a D it is considered failing', null, null, 'kuali.result.group.grade.letter.graduate', 'Graduate School A-C and F Grading', null, null, null, null, 'kuali.result.scale.grade.letter', 'kuali.result.values.group.state.approved', 'kuali.result.values.group.type.multiple', null, null, 0);
insert into KSEN_LRC_RVG (CREATEID, CREATETIME, DESCR_FORMATTED, DESCR_PLAIN, EFF_DT, EXPIR_DT, ID, NAME, OBJ_ID, RANGE_INCREMENT, RANGE_MAX_VALUE, RANGE_MIN_VALUE, RESULT_SCALE_ID, RVG_STATE, RVG_TYPE, UPDATEID, UPDATETIME, VER_NBR) values ('SYSTEMLOADER', {ts '2012-09-16 20:00:00'}, 'Definition of passing grades for learning result transformations', 'Definition of passing grades for learning result transformations', null, null, 'kuali.result.group.grade.letter.passing.translation', 'Passing Grades For Translation', null, null, null, null, 'kuali.result.scale.grade.letter', 'kuali.result.values.group.state.approved', 'kuali.result.values.group.type.multiple', null, null, 0);
insert into KSEN_LRC_RVG (CREATEID, CREATETIME, DESCR_FORMATTED, DESCR_PLAIN, EFF_DT, EXPIR_DT, ID, NAME, OBJ_ID, RANGE_INCREMENT, RANGE_MAX_VALUE, RANGE_MIN_VALUE, RESULT_SCALE_ID, RVG_STATE, RVG_TYPE, UPDATEID, UPDATETIME, VER_NBR) values ('SYSTEMLOADER', {ts '2012-09-16 20:00:00'}, 'Plus/Minus grading system used for internal reporting', 'Plus/Minus grading system used for internal reporting', null, null, 'kuali.result.group.grade.letter.plus.minus.standard', 'A-F with Plus/Minus Grading', null, null, null, null, 'kuali.result.scale.grade.letter.plus.minus', 'kuali.result.values.group.state.approved', 'kuali.result.values.group.type.multiple', null, null, 0);
insert into KSEN_LRC_RVG (CREATEID, CREATETIME, DESCR_FORMATTED, DESCR_PLAIN, EFF_DT, EXPIR_DT, ID, NAME, OBJ_ID, RANGE_INCREMENT, RANGE_MAX_VALUE, RANGE_MIN_VALUE, RESULT_SCALE_ID, RVG_STATE, RVG_TYPE, UPDATEID, UPDATETIME, VER_NBR) values ('SYSTEMLOADER', {ts '2012-09-16 20:00:00'}, 'Transfer articulation of percentage grades that represent the equivalent of an F', 'Transfer articulation of percentage grades that represent the equivalent of an F', null, null, 'kuali.result.group.grade.percentage.0.59', 'Percentage Grading - F equivalent', null, '1', '59', '0', 'kuali.result.scale.grade.percentage', 'kuali.result.values.group.state.approved', 'kuali.result.values.group.type.range', null, null, 0);
insert into KSEN_LRC_RVG (CREATEID, CREATETIME, DESCR_FORMATTED, DESCR_PLAIN, EFF_DT, EXPIR_DT, ID, NAME, OBJ_ID, RANGE_INCREMENT, RANGE_MAX_VALUE, RANGE_MIN_VALUE, RESULT_SCALE_ID, RVG_STATE, RVG_TYPE, UPDATEID, UPDATETIME, VER_NBR) values ('SYSTEMLOADER', {ts '2012-09-16 20:00:00'}, 'Transfer articulation of percentage grades that represent the equivalent of a D', 'Transfer articulation of percentage grades that represent the equivalent of a D', null, null, 'kuali.result.group.grade.percentage.60.69', 'Percentage Grading - D equivalent', null, '1', '69', '60', 'kuali.result.scale.grade.percentage', 'kuali.result.values.group.state.approved', 'kuali.result.values.group.type.range', null, null, 0);
insert into KSEN_LRC_RVG (CREATEID, CREATETIME, DESCR_FORMATTED, DESCR_PLAIN, EFF_DT, EXPIR_DT, ID, NAME, OBJ_ID, RANGE_INCREMENT, RANGE_MAX_VALUE, RANGE_MIN_VALUE, RESULT_SCALE_ID, RVG_STATE, RVG_TYPE, UPDATEID, UPDATETIME, VER_NBR) values ('SYSTEMLOADER', {ts '2012-09-16 20:00:00'}, 'Transfer articulation of percentage grades that represent the equivalent of a C', 'Transfer articulation of percentage grades that represent the equivalent of a C', null, null, 'kuali.result.group.grade.percentage.70.79', 'Percentage Grading -- C equivalent', null, '1', '79', '70', 'kuali.result.scale.grade.percentage', 'kuali.result.values.group.state.approved', 'kuali.result.values.group.type.range', null, null, 0);
insert into KSEN_LRC_RVG (CREATEID, CREATETIME, DESCR_FORMATTED, DESCR_PLAIN, EFF_DT, EXPIR_DT, ID, NAME, OBJ_ID, RANGE_INCREMENT, RANGE_MAX_VALUE, RANGE_MIN_VALUE, RESULT_SCALE_ID, RVG_STATE, RVG_TYPE, UPDATEID, UPDATETIME, VER_NBR) values ('SYSTEMLOADER', {ts '2012-09-16 20:00:00'}, 'Transfer articulation of percentage grades that represent the equivalent of a low B', 'Transfer articulation of percentage grades that represent the equivalent of a low B', null, null, 'kuali.result.group.grade.percentage.80.84', 'Percentage Grading - Low B equivalent', null, '1', '84', '80', 'kuali.result.scale.grade.percentage', 'kuali.result.values.group.state.approved', 'kuali.result.values.group.type.range', null, null, 0);
insert into KSEN_LRC_RVG (CREATEID, CREATETIME, DESCR_FORMATTED, DESCR_PLAIN, EFF_DT, EXPIR_DT, ID, NAME, OBJ_ID, RANGE_INCREMENT, RANGE_MAX_VALUE, RANGE_MIN_VALUE, RESULT_SCALE_ID, RVG_STATE, RVG_TYPE, UPDATEID, UPDATETIME, VER_NBR) values ('SYSTEMLOADER', {ts '2012-09-16 20:00:00'}, 'Transfer articulation of percentage grades that represent the equivalent of a high B', 'Transfer articulation of percentage grades that represent the equivalent of a high B', null, null, 'kuali.result.group.grade.percentage.85.89', 'Percentage Grading -- High B equivalent', null, '1', '89', '85', 'kuali.result.scale.grade.percentage', 'kuali.result.values.group.state.approved', 'kuali.result.values.group.type.range', null, null, 0);
insert into KSEN_LRC_RVG (CREATEID, CREATETIME, DESCR_FORMATTED, DESCR_PLAIN, EFF_DT, EXPIR_DT, ID, NAME, OBJ_ID, RANGE_INCREMENT, RANGE_MAX_VALUE, RANGE_MIN_VALUE, RESULT_SCALE_ID, RVG_STATE, RVG_TYPE, UPDATEID, UPDATETIME, VER_NBR) values ('SYSTEMLOADER', {ts '2012-09-16 20:00:00'}, 'Transfer articulation of percentage grades that represent the equivalent of a low A', 'Transfer articulation of percentage grades that represent the equivalent of a low A', null, null, 'kuali.result.group.grade.percentage.90-94', 'Percentage Grading -- Low A equivalent', null, '1', '94', '90', 'kuali.result.scale.grade.percentage', 'kuali.result.values.group.state.approved', 'kuali.result.values.group.type.range', null, null, 0);
insert into KSEN_LRC_RVG (CREATEID, CREATETIME, DESCR_FORMATTED, DESCR_PLAIN, EFF_DT, EXPIR_DT, ID, NAME, OBJ_ID, RANGE_INCREMENT, RANGE_MAX_VALUE, RANGE_MIN_VALUE, RESULT_SCALE_ID, RVG_STATE, RVG_TYPE, UPDATEID, UPDATETIME, VER_NBR) values ('SYSTEMLOADER', {ts '2012-09-16 20:00:00'}, 'Transfer articulation of percentage grades that represent the equivalent of a high A', 'Transfer articulation of percentage grades that represent the equivalent of a high A', null, null, 'kuali.result.group.grade.percentage.95.100', 'Percentage Grading -- High A equivalent', null, '1', '100', '95', 'kuali.result.scale.grade.percentage', 'kuali.result.values.group.state.approved', 'kuali.result.values.group.type.range', null, null, 0);
insert into KSEN_LRC_RVG (CREATEID, CREATETIME, DESCR_FORMATTED, DESCR_PLAIN, EFF_DT, EXPIR_DT, ID, NAME, OBJ_ID, RANGE_INCREMENT, RANGE_MAX_VALUE, RANGE_MIN_VALUE, RESULT_SCALE_ID, RVG_STATE, RVG_TYPE, UPDATEID, UPDATETIME, VER_NBR) values ('SYSTEMLOADER', {ts '2012-09-16 20:00:00'}, 'Pass/No Pass grading used for 1st semester freshman', 'Pass/No Pass grading used for 1st semester freshman', null, null, 'kuali.result.group.grade.pnp.standard', 'Pass/No Pass Grading', null, null, null, null, 'kuali.result.scale.grade.pnp', 'kuali.result.values.group.state.approved', 'kuali.result.values.group.type.multiple', null, null, 0);
insert into KSEN_LRC_RVG (CREATEID, CREATETIME, DESCR_FORMATTED, DESCR_PLAIN, EFF_DT, EXPIR_DT, ID, NAME, OBJ_ID, RANGE_INCREMENT, RANGE_MAX_VALUE, RANGE_MIN_VALUE, RESULT_SCALE_ID, RVG_STATE, RVG_TYPE, UPDATEID, UPDATETIME, VER_NBR) values ('SYSTEMLOADER', {ts '2012-09-16 20:00:00'}, 'Deans List', 'Deans List', null, null, 'kuali.result.group.honor.deans.list', 'Deans List', null, null, 'list', 'list', 'kuali.result.scale.honor.deans.list', 'kuali.result.values.group.state.approved', 'kuali.result.values.group.type.fixed', null, null, 0);
insert into KSEN_LRC_RVG (CREATEID, CREATETIME, DESCR_FORMATTED, DESCR_PLAIN, EFF_DT, EXPIR_DT, ID, NAME, OBJ_ID, RANGE_INCREMENT, RANGE_MAX_VALUE, RANGE_MIN_VALUE, RESULT_SCALE_ID, RVG_STATE, RVG_TYPE, UPDATEID, UPDATETIME, VER_NBR) values ('SYSTEMLOADER', {ts '2012-09-16 20:00:00'}, 'Just contains the standard 3 levels of latin honors', 'Just contains the standard 3 levels of latin honors', null, null, 'kuali.result.group.honor.degree.latin', 'Standard Latin Honors', null, null, null, null, 'kuali.result.scale.honor.degree.latin', 'kuali.result.values.group.state.approved', 'kuali.result.values.group.type.multiple', null, null, 0);
insert into KSEN_LRC_RVG (CREATEID, CREATETIME, DESCR_FORMATTED, DESCR_PLAIN, EFF_DT, EXPIR_DT, ID, NAME, OBJ_ID, RANGE_INCREMENT, RANGE_MAX_VALUE, RANGE_MIN_VALUE, RESULT_SCALE_ID, RVG_STATE, RVG_TYPE, UPDATEID, UPDATETIME, VER_NBR) values ('SYSTEMLOADER', {ts '2012-09-16 20:00:00'}, 'Minor', 'Minor', null, null, 'kuali.result.group.minor', 'Minor', null, null, null, null, 'kuali.result.scale.minor', 'kuali.result.values.group.state.approved', 'kuali.result.values.group.type.fixed', null, null, 0);
insert into KSEN_LRC_RVG (CREATEID, CREATETIME, DESCR_FORMATTED, DESCR_PLAIN, EFF_DT, EXPIR_DT, ID, NAME, OBJ_ID, RANGE_INCREMENT, RANGE_MAX_VALUE, RANGE_MIN_VALUE, RESULT_SCALE_ID, RVG_STATE, RVG_TYPE, UPDATEID, UPDATETIME, VER_NBR) values ('SYSTEMLOADER', {ts '2012-09-16 20:00:00'}, 'Student Years', 'Student Years', null, null, 'kuali.result.group.student.year', 'Student Year', null, null, null, null, 'kuali.result.scale.student.year', 'kuali.result.values.group.state.approved', 'kuali.result.values.group.type.multiple', null, null, 0);
insert into KSEN_LRC_RVG (CREATEID, CREATETIME, DESCR_FORMATTED, DESCR_PLAIN, EFF_DT, EXPIR_DT, ID, NAME, OBJ_ID, RANGE_INCREMENT, RANGE_MAX_VALUE, RANGE_MIN_VALUE, RESULT_SCALE_ID, RVG_STATE, RVG_TYPE, UPDATEID, UPDATETIME, VER_NBR) values ('SYSTEMLOADER', {ts '2012-09-16 20:00:00'}, 'Graduate Program Years', 'Graduate Program Years', null, null, 'kuali.result.group.student.year.grad', 'Graduate Years', null, null, null, null, 'kuali.result.scale.student.year.grad', 'kuali.result.values.group.state.approved', 'kuali.result.values.group.type.multiple', null, null, 0);
insert into KSEN_LRC_RVG (CREATEID, CREATETIME, DESCR_FORMATTED, DESCR_PLAIN, EFF_DT, EXPIR_DT, ID, NAME, OBJ_ID, RANGE_INCREMENT, RANGE_MAX_VALUE, RANGE_MIN_VALUE, RESULT_SCALE_ID, RVG_STATE, RVG_TYPE, UPDATEID, UPDATETIME, VER_NBR) values ('SYSTEMLOADER', {ts '2012-09-16 20:00:00'}, 'Law School Program Years', 'Law School Program Years', null, null, 'kuali.result.group.student.year.lockstep.law', 'Law School', null, null, null, null, 'kuali.result.scale.student.year.lockstep', 'kuali.result.values.group.state.approved', 'kuali.result.values.group.type.multiple', null, null, 0);
insert into KSEN_LRC_RVG (CREATEID, CREATETIME, DESCR_FORMATTED, DESCR_PLAIN, EFF_DT, EXPIR_DT, ID, NAME, OBJ_ID, RANGE_INCREMENT, RANGE_MAX_VALUE, RANGE_MIN_VALUE, RESULT_SCALE_ID, RVG_STATE, RVG_TYPE, UPDATEID, UPDATETIME, VER_NBR) values ('SYSTEMLOADER', {ts '2012-09-16 20:00:00'}, 'Med School Program Years', 'Med School Program Years', null, null, 'kuali.result.group.student.year.lockstep.med', 'Medical School', null, null, null, null, 'kuali.result.scale.student.year.lockstep', 'kuali.result.values.group.state.approved', 'kuali.result.values.group.type.multiple', null, null, 0);
insert into KSEN_LRC_RVG (CREATEID, CREATETIME, DESCR_FORMATTED, DESCR_PLAIN, EFF_DT, EXPIR_DT, ID, NAME, OBJ_ID, RANGE_INCREMENT, RANGE_MAX_VALUE, RANGE_MIN_VALUE, RESULT_SCALE_ID, RVG_STATE, RVG_TYPE, UPDATEID, UPDATETIME, VER_NBR) values ('SYSTEMLOADER', {ts '2012-09-16 20:00:00'}, 'Years associated with just the undergraduate programs', 'Years associated with just the undergraduate programs', null, null, 'kuali.result.group.student.year.undergrad', 'Undergraduate Years', null, null, null, null, 'kuali.result.scale.student.year', 'kuali.result.values.group.state.approved', 'kuali.result.values.group.type.multiple', null, null, 0);
insert into KSEN_LRC_RVG (CREATEID, CREATETIME, DESCR_FORMATTED, DESCR_PLAIN, EFF_DT, EXPIR_DT, ID, NAME, OBJ_ID, RANGE_INCREMENT, RANGE_MAX_VALUE, RANGE_MIN_VALUE, RESULT_SCALE_ID, RVG_STATE, RVG_TYPE, UPDATEID, UPDATETIME, VER_NBR) values ('SYSTEMLOADER', {ts '2012-09-16 20:00:00'}, 'Bachelor of Arts Degree', 'Bachelor of Arts Degree', null, null, 'kuali.resultComponent.degree.ba', 'Bachelor of Arts', 'F41D195043484B82AC90496F22DE2751', null, null, null, 'kuali.result.scale.degree', 'kuali.result.values.group.state.approved', 'kuali.result.values.group.type.fixed', null, null, 0);
insert into KSEN_LRC_RVG (CREATEID, CREATETIME, DESCR_FORMATTED, DESCR_PLAIN, EFF_DT, EXPIR_DT, ID, NAME, OBJ_ID, RANGE_INCREMENT, RANGE_MAX_VALUE, RANGE_MIN_VALUE, RESULT_SCALE_ID, RVG_STATE, RVG_TYPE, UPDATEID, UPDATETIME, VER_NBR) values ('SYSTEMLOADER', {ts '2012-09-16 20:00:00'}, 'Bachelor of Music Degree', 'Bachelor of Music Degree', null, null, 'kuali.resultComponent.degree.bmus', 'Bachelor of Music', 'EA7EBF4C6EAF426B996A3CFC8A57F809', null, 'us', 'us', 'kuali.result.scale.degree', 'kuali.result.values.group.state.approved', 'kuali.result.values.group.type.fixed', null, null, 0);
insert into KSEN_LRC_RVG (CREATEID, CREATETIME, DESCR_FORMATTED, DESCR_PLAIN, EFF_DT, EXPIR_DT, ID, NAME, OBJ_ID, RANGE_INCREMENT, RANGE_MAX_VALUE, RANGE_MIN_VALUE, RESULT_SCALE_ID, RVG_STATE, RVG_TYPE, UPDATEID, UPDATETIME, VER_NBR) values ('SYSTEMLOADER', {ts '2012-09-16 20:00:00'}, 'Bachelor of Science Degree', 'Bachelor of Science Degree', null, null, 'kuali.resultComponent.degree.bsc', 'Bachelor of Science', '698FE44E18D242DDBDD19AE1DFF21E21', null, 'c', 'c', 'kuali.result.scale.degree', 'kuali.result.values.group.state.approved', 'kuali.result.values.group.type.fixed', null, null, 0);
insert into KSEN_LRC_RVG (CREATEID, CREATETIME, DESCR_FORMATTED, DESCR_PLAIN, EFF_DT, EXPIR_DT, ID, NAME, OBJ_ID, RANGE_INCREMENT, RANGE_MAX_VALUE, RANGE_MIN_VALUE, RESULT_SCALE_ID, RVG_STATE, RVG_TYPE, UPDATEID, UPDATETIME, VER_NBR) values ('CMLRCUPGRADE', {ts '2012-09-16 20:00:00'}, null, 'Doctor of Education', {ts '2012-09-16 20:00:00'}, null, 'kuali.resultComponent.degree.edd', 'Doctor of Education', 'c9ea9641-05d0-4f4b-abab-4b1ff6c24ea7', null, 'd', 'd', 'kuali.result.scale.degree', 'state.null', 'kuali.result.values.group.type.fixed', 'CMLRCUPGRADE', {ts '2012-09-16 20:00:00'}, 0);
insert into KSEN_LRC_RVG (CREATEID, CREATETIME, DESCR_FORMATTED, DESCR_PLAIN, EFF_DT, EXPIR_DT, ID, NAME, OBJ_ID, RANGE_INCREMENT, RANGE_MAX_VALUE, RANGE_MIN_VALUE, RESULT_SCALE_ID, RVG_STATE, RVG_TYPE, UPDATEID, UPDATETIME, VER_NBR) values ('CMLRCUPGRADE', {ts '2012-09-16 20:00:00'}, null, 'Master of Arts', {ts '2012-09-16 20:00:00'}, null, 'kuali.resultComponent.degree.ma', 'Master of Arts', '81e792b9-b794-43e5-8b94-fd73d18a6029', null, null, null, 'kuali.result.scale.degree', 'state.null', 'kuali.result.values.group.type.fixed', 'CMLRCUPGRADE', {ts '2012-09-16 20:00:00'}, 0);
insert into KSEN_LRC_RVG (CREATEID, CREATETIME, DESCR_FORMATTED, DESCR_PLAIN, EFF_DT, EXPIR_DT, ID, NAME, OBJ_ID, RANGE_INCREMENT, RANGE_MAX_VALUE, RANGE_MIN_VALUE, RESULT_SCALE_ID, RVG_STATE, RVG_TYPE, UPDATEID, UPDATETIME, VER_NBR) values ('CMLRCUPGRADE', {ts '2012-09-16 20:00:00'}, null, 'Master of Music', {ts '2012-09-16 20:00:00'}, null, 'kuali.resultComponent.degree.mmus', 'Master of Music', 'df816df6-5e1f-49e6-bdf7-8b9df55e55c4', null, 'us', 'us', 'kuali.result.scale.degree', 'state.null', 'kuali.result.values.group.type.fixed', 'CMLRCUPGRADE', {ts '2012-09-16 20:00:00'}, 0);
insert into KSEN_LRC_RVG (CREATEID, CREATETIME, DESCR_FORMATTED, DESCR_PLAIN, EFF_DT, EXPIR_DT, ID, NAME, OBJ_ID, RANGE_INCREMENT, RANGE_MAX_VALUE, RANGE_MIN_VALUE, RESULT_SCALE_ID, RVG_STATE, RVG_TYPE, UPDATEID, UPDATETIME, VER_NBR) values ('CMLRCUPGRADE', {ts '2012-09-16 20:00:00'}, null, 'Master of Science', {ts '2012-09-16 20:00:00'}, null, 'kuali.resultComponent.degree.msc', 'Master of Science', 'f5637e2a-640f-4ef0-b55b-982b127780d3', null, 'c', 'c', 'kuali.result.scale.degree', 'state.null', 'kuali.result.values.group.type.fixed', 'CMLRCUPGRADE', {ts '2012-09-16 20:00:00'}, 0);
insert into KSEN_LRC_RVG (CREATEID, CREATETIME, DESCR_FORMATTED, DESCR_PLAIN, EFF_DT, EXPIR_DT, ID, NAME, OBJ_ID, RANGE_INCREMENT, RANGE_MAX_VALUE, RANGE_MIN_VALUE, RESULT_SCALE_ID, RVG_STATE, RVG_TYPE, UPDATEID, UPDATETIME, VER_NBR) values ('CMLRCUPGRADE', {ts '2012-09-16 20:00:00'}, null, 'Doctor of Philosophy', {ts '2012-09-16 20:00:00'}, null, 'kuali.resultComponent.degree.phd', 'Doctor of Philosophy', 'bdbefe12-be05-46ce-9ab8-e5656646f7b8', null, 'd', 'd', 'kuali.result.scale.degree', 'state.null', 'kuali.result.values.group.type.fixed', 'CMLRCUPGRADE', {ts '2012-09-16 20:00:00'}, 0);
insert into KSEN_LRC_RVG (CREATEID, CREATETIME, DESCR_FORMATTED, DESCR_PLAIN, EFF_DT, EXPIR_DT, ID, NAME, OBJ_ID, RANGE_INCREMENT, RANGE_MAX_VALUE, RANGE_MIN_VALUE, RESULT_SCALE_ID, RVG_STATE, RVG_TYPE, UPDATEID, UPDATETIME, VER_NBR) values ('SYSTEMLOADER', {ts '2012-09-16 20:00:00'}, 'Courses flagged with this allow students to audit the course', 'Courses flagged with this allow students to audit the course', null, null, 'kuali.resultComponent.grade.audit', 'Allow students to audit', '8150CCBC115A4FE0AD787320D4B952E5', null, 'it', 'it', 'kuali.result.scale.grade.admin', 'kuali.result.values.group.state.approved', 'kuali.result.values.group.type.fixed', null, null, 0);
insert into KSEN_LRC_RVG (CREATEID, CREATETIME, DESCR_FORMATTED, DESCR_PLAIN, EFF_DT, EXPIR_DT, ID, NAME, OBJ_ID, RANGE_INCREMENT, RANGE_MAX_VALUE, RANGE_MIN_VALUE, RESULT_SCALE_ID, RVG_STATE, RVG_TYPE, UPDATEID, UPDATETIME, VER_NBR) values ('SYSTEMLOADER', {ts '2012-09-16 20:00:00'}, 'Courses flagged with this only allow for a completed or not completed notation.', 'Courses flagged with this only allow for a completed or not completed notation.', null, null, 'kuali.resultComponent.grade.completedNotation', 'Accepts a completed notation', '1B34460EB5484BF8B1B785C1F666636E', null, null, null, 'kuali.result.scale.grade.completed', 'kuali.result.values.group.state.approved', 'kuali.result.values.group.type.multiple', null, null, 0);
insert into KSEN_LRC_RVG (CREATEID, CREATETIME, DESCR_FORMATTED, DESCR_PLAIN, EFF_DT, EXPIR_DT, ID, NAME, OBJ_ID, RANGE_INCREMENT, RANGE_MAX_VALUE, RANGE_MIN_VALUE, RESULT_SCALE_ID, RVG_STATE, RVG_TYPE, UPDATEID, UPDATETIME, VER_NBR) values ('SYSTEMLOADER', {ts '2012-09-16 20:00:00'}, 'Standard A-F Grading used by most courses and how most courses are shown on the external transcript', 'Standard A-F Grading used by most courses and how most courses are shown on the external transcript', null, null, 'kuali.resultComponent.grade.letter', 'Letter', '1AF2F0E2301542E286AA7268CB7C84F8', null, null, null, 'kuali.result.scale.grade.letter', 'kuali.result.values.group.state.approved', 'kuali.result.values.group.type.multiple', null, null, 0);
insert into KSEN_LRC_RVG (CREATEID, CREATETIME, DESCR_FORMATTED, DESCR_PLAIN, EFF_DT, EXPIR_DT, ID, NAME, OBJ_ID, RANGE_INCREMENT, RANGE_MAX_VALUE, RANGE_MIN_VALUE, RESULT_SCALE_ID, RVG_STATE, RVG_TYPE, UPDATEID, UPDATETIME, VER_NBR) values ('SYSTEMLOADER', {ts '2012-09-16 20:00:00'}, 'Pass/Fail grading used for courses that are only taught that way', 'Pass/Fail grading used for courses that are only taught that way', null, null, 'kuali.resultComponent.grade.passFail', 'Pass/Fail Grading', 'C6D31E3069BE454EAB15972B067A5C19', null, null, null, 'kuali.result.scale.grade.pf', 'kuali.result.values.group.state.approved', 'kuali.result.values.group.type.multiple', null, null, 0);
insert into KSEN_LRC_RVG (CREATEID, CREATETIME, DESCR_FORMATTED, DESCR_PLAIN, EFF_DT, EXPIR_DT, ID, NAME, OBJ_ID, RANGE_INCREMENT, RANGE_MAX_VALUE, RANGE_MIN_VALUE, RESULT_SCALE_ID, RVG_STATE, RVG_TYPE, UPDATEID, UPDATETIME, VER_NBR) values ('SYSTEMLOADER', {ts '2012-09-16 20:00:00'}, 'Standard percentage grading -- captured on records coming in from other institutions that use this scale and then translated for transfer credit articulation', 'Standard percentage grading -- captured on records coming in from other institutions that use this scale and then translated for transfer credit articulation', null, null, 'kuali.resultComponent.grade.percentage', 'Percentage Grading 0-100%', 'DD95F4453D8E44CE9FA81271D55B358F', '1', '100', '0', 'kuali.result.scale.grade.percentage', 'kuali.result.values.group.state.approved', 'kuali.result.values.group.type.range', null, null, 0);
insert into KSEN_LRC_RVG (CREATEID, CREATETIME, DESCR_FORMATTED, DESCR_PLAIN, EFF_DT, EXPIR_DT, ID, NAME, OBJ_ID, RANGE_INCREMENT, RANGE_MAX_VALUE, RANGE_MIN_VALUE, RESULT_SCALE_ID, RVG_STATE, RVG_TYPE, UPDATEID, UPDATETIME, VER_NBR) values ('SYSTEMLOADER', {ts '2012-09-16 20:00:00'}, 'Administrative grade that can be awarded to thesis type courses. These are ones that are expected to be completed over a number of semesters and the only grading done on it wold be an indicator that they student was making satisfactory or unsatisfactory progress', 'Administrative grade that can be awarded to thesis type courses. These are ones that are expected to be completed over a number of semesters and the only grading done on it wold be an indicator that they student was making satisfactory or unsatisfactory progress', null, null, 'kuali.resultComponent.grade.satisfactory', 'Administrative Grade of Satisfactory', '35B1F0FDE6CF42AA9341BBC7A8349D90', null, null, null, 'kuali.result.scale.grade.admin', 'kuali.result.values.group.state.approved', 'kuali.result.values.group.type.multiple', null, null, 0);
insert into KSEN_LRC_RVG (CREATEID, CREATETIME, DESCR_FORMATTED, DESCR_PLAIN, EFF_DT, EXPIR_DT, ID, NAME, OBJ_ID, RANGE_INCREMENT, RANGE_MAX_VALUE, RANGE_MIN_VALUE, RESULT_SCALE_ID, RVG_STATE, RVG_TYPE, UPDATEID, UPDATETIME, VER_NBR) values ('Active', {ts '2012-09-16 20:00:00'}, '0.0 Academic Credits', '0.0 Academic Credits', null, null, 'kuali.creditType.credit.degree.0.0', '0.0 Credits', '9ac2ba4a-d6fe-49bf-b57b-3375d89852bc', null, '0', '0', 'kuali.result.scale.credit.degree', 'kuali.result.values.group.state.approved', 'kuali.result.values.group.type.fixed', 'SYSTEMLOADER', {ts '2012-09-16 20:00:00'}, 0);
insert into KSEN_LRC_RVG (CREATEID, CREATETIME, DESCR_FORMATTED, DESCR_PLAIN, EFF_DT, EXPIR_DT, ID, NAME, OBJ_ID, RANGE_INCREMENT, RANGE_MAX_VALUE, RANGE_MIN_VALUE, RESULT_SCALE_ID, RVG_STATE, RVG_TYPE, UPDATEID, UPDATETIME, VER_NBR) values ('Retired', {ts '2012-09-16 20:00:00'}, '0.5 Academic Credits', '0.5 Academic Credits', null, null, 'kuali.creditType.credit.degree.0.5', '0.5 Credits', '5b826260-cb9d-4d9e-afd4-58cbf77ab603', null, '.5', '.5', 'kuali.result.scale.credit.degree', 'kuali.result.values.group.state.approved', 'kuali.result.values.group.type.fixed', 'SYSTEMLOADER', {ts '2012-09-16 20:00:00'}, 0);
insert into KSEN_LRC_RVG (CREATEID, CREATETIME, DESCR_FORMATTED, DESCR_PLAIN, EFF_DT, EXPIR_DT, ID, NAME, OBJ_ID, RANGE_INCREMENT, RANGE_MAX_VALUE, RANGE_MIN_VALUE, RESULT_SCALE_ID, RVG_STATE, RVG_TYPE, UPDATEID, UPDATETIME, VER_NBR) values ('Active', {ts '2012-09-16 20:00:00'}, '1 - 16 Academic Credits', '1 - 16 AcademicCredits', null, null, 'kuali.creditType.credit.degree.1-16.by.0.5', '1 - 16 Credits', '8620be90-9e09-4a40-a557-fbca7f7eb3fe', '.5', '16', '1', 'kuali.result.scale.credit.degree', 'kuali.result.values.group.state.approved', 'kuali.result.values.group.type.range', 'SYSTEMLOADER', {ts '2012-09-16 20:00:00'}, 0);
insert into KSEN_LRC_RVG (CREATEID, CREATETIME, DESCR_FORMATTED, DESCR_PLAIN, EFF_DT, EXPIR_DT, ID, NAME, OBJ_ID, RANGE_INCREMENT, RANGE_MAX_VALUE, RANGE_MIN_VALUE, RESULT_SCALE_ID, RVG_STATE, RVG_TYPE, UPDATEID, UPDATETIME, VER_NBR) values ('Retired', {ts '2012-09-16 20:00:00'}, '1 - 6 Academic Credits', '1 - 6 AcademicCredits', null, null, 'kuali.creditType.credit.degree.1-6.by.0.5', '1 - 6 Credits', '37038680-7dab-4fb3-97b6-5a27f5d3e5ae', '.5', '6', '1', 'kuali.result.scale.credit.degree', 'kuali.result.values.group.state.approved', 'kuali.result.values.group.type.range', 'SYSTEMLOADER', {ts '2012-09-16 20:00:00'}, 0);
insert into KSEN_LRC_RVG (CREATEID, CREATETIME, DESCR_FORMATTED, DESCR_PLAIN, EFF_DT, EXPIR_DT, ID, NAME, OBJ_ID, RANGE_INCREMENT, RANGE_MAX_VALUE, RANGE_MIN_VALUE, RESULT_SCALE_ID, RVG_STATE, RVG_TYPE, UPDATEID, UPDATETIME, VER_NBR) values ('Retired', {ts '2012-09-16 20:00:00'}, '1 - 8 Academic Credits', '1 - 8 AcademicCredits', null, null, 'kuali.creditType.credit.degree.1-8.by.0.5', '1 - 8 Credits', '0bcf6fe0-e471-4183-82a6-e5513fa798d7', '.5', '8', '1', 'kuali.result.scale.credit.degree', 'kuali.result.values.group.state.approved', 'kuali.result.values.group.type.range', 'SYSTEMLOADER', {ts '2012-09-16 20:00:00'}, 0);
insert into KSEN_LRC_RVG (CREATEID, CREATETIME, DESCR_FORMATTED, DESCR_PLAIN, EFF_DT, EXPIR_DT, ID, NAME, OBJ_ID, RANGE_INCREMENT, RANGE_MAX_VALUE, RANGE_MIN_VALUE, RESULT_SCALE_ID, RVG_STATE, RVG_TYPE, UPDATEID, UPDATETIME, VER_NBR) values ('Retired', {ts '2012-09-16 20:00:00'}, '1.0 Academic Credits', '1.0 Academic Credits', null, null, 'kuali.creditType.credit.degree.1.0', '1.0 Credits', '4a8b57e2-d69f-4d66-bb99-93202ab57bf9', null, '1', '1', 'kuali.result.scale.credit.degree', 'kuali.result.values.group.state.approved', 'kuali.result.values.group.type.fixed', 'SYSTEMLOADER', {ts '2012-09-16 20:00:00'}, 0);
insert into KSEN_LRC_RVG (CREATEID, CREATETIME, DESCR_FORMATTED, DESCR_PLAIN, EFF_DT, EXPIR_DT, ID, NAME, OBJ_ID, RANGE_INCREMENT, RANGE_MAX_VALUE, RANGE_MIN_VALUE, RESULT_SCALE_ID, RVG_STATE, RVG_TYPE, UPDATEID, UPDATETIME, VER_NBR) values ('BATCH', {ts '2012-09-16 20:00:00'}, '1.0,1.5,2.0 Academic Credits', '1.0,1.5,2.0 Academic Credits', {ts '2012-09-16 20:00:00'}, null, 'kuali.creditType.credit.degree.1.0,1.5,2.0', '1.0,1.5,2.0 Credits', '684517ce-3731-4119-81ee-13f69e452e98', null, null, null, 'kuali.result.scale.credit.degree', 'kuali.result.values.group.state.approved', 'kuali.result.values.group.type.multiple', 'BATCH', {ts '2012-09-16 20:00:00'}, 0);
insert into KSEN_LRC_RVG (CREATEID, CREATETIME, DESCR_FORMATTED, DESCR_PLAIN, EFF_DT, EXPIR_DT, ID, NAME, OBJ_ID, RANGE_INCREMENT, RANGE_MAX_VALUE, RANGE_MIN_VALUE, RESULT_SCALE_ID, RVG_STATE, RVG_TYPE, UPDATEID, UPDATETIME, VER_NBR) values ('BATCH', {ts '2012-09-16 20:00:00'}, '1.0,1.5,2.0,2.5,3.0 Academic Credits', '1.0,1.5,2.0,2.5,3.0 Academic Credits', {ts '2012-09-16 20:00:00'}, null, 'kuali.creditType.credit.degree.1.0,1.5,2.0,2.5,3.0', '1.0,1.5,2.0,2.5,3.0 Credits', 'a89d92f5-a7c9-4882-903b-bca55100bc9b', null, null, null, 'kuali.result.scale.credit.degree', 'kuali.result.values.group.state.approved', 'kuali.result.values.group.type.multiple', 'BATCH', {ts '2012-09-16 20:00:00'}, 0);
insert into KSEN_LRC_RVG (CREATEID, CREATETIME, DESCR_FORMATTED, DESCR_PLAIN, EFF_DT, EXPIR_DT, ID, NAME, OBJ_ID, RANGE_INCREMENT, RANGE_MAX_VALUE, RANGE_MIN_VALUE, RESULT_SCALE_ID, RVG_STATE, RVG_TYPE, UPDATEID, UPDATETIME, VER_NBR) values ('BATCH', {ts '2012-09-16 20:00:00'}, '1.0,1.5,2.0,2.5,3.0,3.5,4.0 Academic Credits', '1.0,1.5,2.0,2.5,3.0,3.5,4.0 Academic Credits', {ts '2012-09-16 20:00:00'}, null, 'kuali.creditType.credit.degree.1.0,1.5,2.0,2.5,3.0,3.5,4.0', '1.0,1.5,2.0,2.5,3.0,3.5,4.0 Credits', 'cf7f1af0-0254-47fa-9109-08adf14f53eb', null, null, null, 'kuali.result.scale.credit.degree', 'kuali.result.values.group.state.approved', 'kuali.result.values.group.type.multiple', 'BATCH', {ts '2012-09-16 20:00:00'}, 0);
insert into KSEN_LRC_RVG (CREATEID, CREATETIME, DESCR_FORMATTED, DESCR_PLAIN, EFF_DT, EXPIR_DT, ID, NAME, OBJ_ID, RANGE_INCREMENT, RANGE_MAX_VALUE, RANGE_MIN_VALUE, RESULT_SCALE_ID, RVG_STATE, RVG_TYPE, UPDATEID, UPDATETIME, VER_NBR) values ('BATCH', {ts '2012-09-16 20:00:00'}, '1.0,1.5,2.0,2.5,3.0,3.5,4.0,4.5,5.0,5.5,6.0 Academic Credits', '1.0,1.5,2.0,2.5,3.0,3.5,4.0,4.5,5.0,5.5,6.0 Academic Credits', {ts '2012-09-16 20:00:00'}, null, 'kuali.creditType.credit.degree.1.0,1.5,2.0,2.5,3.0,3.5,4.0,4.5,5.0,5.5,6.0', '1.0,1.5,2.0,2.5,3.0,3.5,4.0,4.5,5.0,5.5,6.0 Credits', 'e4c317a1-2fdc-4354-8619-fe48a6921b7e', null, null, null, 'kuali.result.scale.credit.degree', 'kuali.result.values.group.state.approved', 'kuali.result.values.group.type.multiple', 'BATCH', {ts '2012-09-16 20:00:00'}, 0);
insert into KSEN_LRC_RVG (CREATEID, CREATETIME, DESCR_FORMATTED, DESCR_PLAIN, EFF_DT, EXPIR_DT, ID, NAME, OBJ_ID, RANGE_INCREMENT, RANGE_MAX_VALUE, RANGE_MIN_VALUE, RESULT_SCALE_ID, RVG_STATE, RVG_TYPE, UPDATEID, UPDATETIME, VER_NBR) values ('BATCH', {ts '2012-09-16 20:00:00'}, '1.0,1.5,2.0,2.5,3.0,3.5,4.0,4.5,5.0,5.5,6.0,6.5,7.0,7.5,8.0 Academic Credits', '1.0,1.5,2.0,2.5,3.0,3.5,4.0,4.5,5.0,5.5,6.0,6.5,7.0,7.5,8.0 Academic Credits', {ts '2012-09-16 20:00:00'}, null, 'kuali.creditType.credit.degree.1.0,1.5,2.0,2.5,3.0,3.5,4.0,4.5,5.0,5.5,6.0,6.5,7.0,7.5,8.0', '1.0,1.5,2.0,2.5,3.0,3.5,4.0,4.5,5.0,5.5,6.0,6.5,7.0,7.5,8.0 Credits', '0365564c-ad08-4bf8-b44c-d0a3d0fc6739', null, null, null, 'kuali.result.scale.credit.degree', 'kuali.result.values.group.state.approved', 'kuali.result.values.group.type.multiple', 'BATCH', {ts '2012-09-16 20:00:00'}, 0);
insert into KSEN_LRC_RVG (CREATEID, CREATETIME, DESCR_FORMATTED, DESCR_PLAIN, EFF_DT, EXPIR_DT, ID, NAME, OBJ_ID, RANGE_INCREMENT, RANGE_MAX_VALUE, RANGE_MIN_VALUE, RESULT_SCALE_ID, RVG_STATE, RVG_TYPE, UPDATEID, UPDATETIME, VER_NBR) values ('BATCH', {ts '2012-09-16 20:00:00'}, '1.0,1.5,2.0,2.5,3.0,3.5,4.0,4.5,5.0,5.5,6.0,6.5,7.0,7.5,8.0,8.5,9.0,9.5,10.0,10.5,11.0,11.5,12.0,12.5,13.0,13.5,14.0,14.5,15.0,15.5,16.0 Academic Credits', '1.0,1.5,2.0,2.5,3.0,3.5,4.0,4.5,5.0,5.5,6.0,6.5,7.0,7.5,8.0,8.5,9.0,9.5,10.0,10.5,11.0,11.5,12.0,12.5,13.0,13.5,14.0,14.5,15.0,15.5,16.0 Academic Credits', {ts '2012-09-16 20:00:00'}, null, 'kuali.creditType.credit.degree.1.0,1.5,2.0,2.5,3.0,3.5,4.0,4.5,5.0,5.5,6.0,6.5,7.0,7.5,8.0,8.5,9.0,9.5,10.0,10.5,11.0,11.5,12.0,12.5,13.0,13.5,14.0,14.5,15.0,15.5,16.0', '1.0,1.5,2.0,2.5,3.0,3.5,4.0,4.5,5.0,5.5,6.0,6.5,7.0,7.5,8.0,8.5,9.0,9.5,10.0,10.5,11.0,11.5,12.0,12.5,13.0,13.5,14.0,14.5,15.0,15.5,16.0 Credits', '78d468a2-7677-4eb4-abb7-cba52b3d4684', null, null, null, 'kuali.result.scale.credit.degree', 'kuali.result.values.group.state.approved', 'kuali.result.values.group.type.multiple', 'BATCH', {ts '2012-09-16 20:00:00'}, 0);
insert into KSEN_LRC_RVG (CREATEID, CREATETIME, DESCR_FORMATTED, DESCR_PLAIN, EFF_DT, EXPIR_DT, ID, NAME, OBJ_ID, RANGE_INCREMENT, RANGE_MAX_VALUE, RANGE_MIN_VALUE, RESULT_SCALE_ID, RVG_STATE, RVG_TYPE, UPDATEID, UPDATETIME, VER_NBR) values ('BATCH', {ts '2012-09-16 20:00:00'}, '1.0.1.5.2.5.2.0.3.0 Academic Credits', '1.0.1.5.2.5.2.0.3.0 Academic Credits', {ts '2012-09-16 20:00:00'}, null, 'kuali.creditType.credit.degree.1.0.1.5.2.5.2.0.3.0', '1.0.1.5.2.5.2.0.3.0 Credits', '1f62695f-3426-41fd-8d3d-04ba1edf2bff', null, null, null, 'kuali.result.scale.credit.degree', 'kuali.result.values.group.state.approved', 'kuali.result.values.group.type.multiple', 'BATCH', {ts '2012-09-16 20:00:00'}, 0);
insert into KSEN_LRC_RVG (CREATEID, CREATETIME, DESCR_FORMATTED, DESCR_PLAIN, EFF_DT, EXPIR_DT, ID, NAME, OBJ_ID, RANGE_INCREMENT, RANGE_MAX_VALUE, RANGE_MIN_VALUE, RESULT_SCALE_ID, RVG_STATE, RVG_TYPE, UPDATEID, UPDATETIME, VER_NBR) values ('Active', {ts '2012-09-16 20:00:00'}, '1.5 Academic Credits', '1.5 Academic Credits', null, null, 'kuali.creditType.credit.degree.1.5', '1.5 Credits', '03a4f17d-f2cd-4faf-86ac-8a5f44889faf', null, '1.5', '1.5', 'kuali.result.scale.credit.degree', 'kuali.result.values.group.state.approved', 'kuali.result.values.group.type.fixed', 'SYSTEMLOADER', {ts '2012-09-16 20:00:00'}, 0);
insert into KSEN_LRC_RVG (CREATEID, CREATETIME, DESCR_FORMATTED, DESCR_PLAIN, EFF_DT, EXPIR_DT, ID, NAME, OBJ_ID, RANGE_INCREMENT, RANGE_MAX_VALUE, RANGE_MIN_VALUE, RESULT_SCALE_ID, RVG_STATE, RVG_TYPE, UPDATEID, UPDATETIME, VER_NBR) values ('Retired', {ts '2012-09-16 20:00:00'}, '11.0 Academic Credits', '11.0 Academic Credits', null, null, 'kuali.creditType.credit.degree.11.0', '11.0 Credits', '76cf2362-9a5b-4951-8d75-651ff58fa416', null, '11', '11', 'kuali.result.scale.credit.degree', 'kuali.result.values.group.state.approved', 'kuali.result.values.group.type.fixed', 'SYSTEMLOADER', {ts '2012-09-16 20:00:00'}, 0);
insert into KSEN_LRC_RVG (CREATEID, CREATETIME, DESCR_FORMATTED, DESCR_PLAIN, EFF_DT, EXPIR_DT, ID, NAME, OBJ_ID, RANGE_INCREMENT, RANGE_MAX_VALUE, RANGE_MIN_VALUE, RESULT_SCALE_ID, RVG_STATE, RVG_TYPE, UPDATEID, UPDATETIME, VER_NBR) values ('Retired', {ts '2012-09-16 20:00:00'}, '12.0 Academic Credits', '12.0 Academic Credits', null, null, 'kuali.creditType.credit.degree.12.0', '12.0 Credits', '6b31f883-92da-4724-abc9-d713769dbffd', null, '12', '12', 'kuali.result.scale.credit.degree', 'kuali.result.values.group.state.approved', 'kuali.result.values.group.type.fixed', 'SYSTEMLOADER', {ts '2012-09-16 20:00:00'}, 0);
insert into KSEN_LRC_RVG (CREATEID, CREATETIME, DESCR_FORMATTED, DESCR_PLAIN, EFF_DT, EXPIR_DT, ID, NAME, OBJ_ID, RANGE_INCREMENT, RANGE_MAX_VALUE, RANGE_MIN_VALUE, RESULT_SCALE_ID, RVG_STATE, RVG_TYPE, UPDATEID, UPDATETIME, VER_NBR) values ('Retired', {ts '2012-09-16 20:00:00'}, '15.0 Academic Credits', '15.0 Academic Credits', null, null, 'kuali.creditType.credit.degree.15.0', '15.0 Credits', 'd81dca31-018b-4b50-8ca4-8ae572c856a1', null, '15', '15', 'kuali.result.scale.credit.degree', 'kuali.result.values.group.state.approved', 'kuali.result.values.group.type.fixed', 'SYSTEMLOADER', {ts '2012-09-16 20:00:00'}, 0);
insert into KSEN_LRC_RVG (CREATEID, CREATETIME, DESCR_FORMATTED, DESCR_PLAIN, EFF_DT, EXPIR_DT, ID, NAME, OBJ_ID, RANGE_INCREMENT, RANGE_MAX_VALUE, RANGE_MIN_VALUE, RESULT_SCALE_ID, RVG_STATE, RVG_TYPE, UPDATEID, UPDATETIME, VER_NBR) values ('Retired', {ts '2012-09-16 20:00:00'}, '2.0 Academic Credits', '2.0 Academic Credits', null, null, 'kuali.creditType.credit.degree.2.0', '2.0 Credits', '0d2e1dd7-dd71-41a3-aecd-6989bbd8e2b6', null, '2', '2', 'kuali.result.scale.credit.degree', 'kuali.result.values.group.state.approved', 'kuali.result.values.group.type.fixed', 'SYSTEMLOADER', {ts '2012-09-16 20:00:00'}, 0);
insert into KSEN_LRC_RVG (CREATEID, CREATETIME, DESCR_FORMATTED, DESCR_PLAIN, EFF_DT, EXPIR_DT, ID, NAME, OBJ_ID, RANGE_INCREMENT, RANGE_MAX_VALUE, RANGE_MIN_VALUE, RESULT_SCALE_ID, RVG_STATE, RVG_TYPE, UPDATEID, UPDATETIME, VER_NBR) values ('Active', {ts '2012-09-16 20:00:00'}, '3.0 Academic Credits', '3.0 Academic Credits', null, null, 'kuali.creditType.credit.degree.3.0', '3.0 Credits', 'cea53159-22eb-4399-a1e6-36124702bf8f', null, '3', '3', 'kuali.result.scale.credit.degree', 'kuali.result.values.group.state.approved', 'kuali.result.values.group.type.fixed', 'SYSTEMLOADER', {ts '2012-09-16 20:00:00'}, 0);
insert into KSEN_LRC_RVG (CREATEID, CREATETIME, DESCR_FORMATTED, DESCR_PLAIN, EFF_DT, EXPIR_DT, ID, NAME, OBJ_ID, RANGE_INCREMENT, RANGE_MAX_VALUE, RANGE_MIN_VALUE, RESULT_SCALE_ID, RVG_STATE, RVG_TYPE, UPDATEID, UPDATETIME, VER_NBR) values ('BATCH', {ts '2012-09-16 20:00:00'}, '3.0,3.5,4.0,4.5,5.0,5.5,6.0 Academic Credits', '3.0,3.5,4.0,4.5,5.0,5.5,6.0 Academic Credits', {ts '2012-09-16 20:00:00'}, null, 'kuali.creditType.credit.degree.3.0,3.5,4.0,4.5,5.0,5.5,6.0', '3.0,3.5,4.0,4.5,5.0,5.5,6.0 Credits', '62867abf-42a2-43b0-bd37-51a0755a7391', null, null, null, 'kuali.result.scale.credit.degree', 'kuali.result.values.group.state.approved', 'kuali.result.values.group.type.multiple', 'BATCH', {ts '2012-09-16 20:00:00'}, 0);
insert into KSEN_LRC_RVG (CREATEID, CREATETIME, DESCR_FORMATTED, DESCR_PLAIN, EFF_DT, EXPIR_DT, ID, NAME, OBJ_ID, RANGE_INCREMENT, RANGE_MAX_VALUE, RANGE_MIN_VALUE, RESULT_SCALE_ID, RVG_STATE, RVG_TYPE, UPDATEID, UPDATETIME, VER_NBR) values ('Active', {ts '2012-09-16 20:00:00'}, '3.5 Academic Credits', '3.5 Academic Credits', null, null, 'kuali.creditType.credit.degree.3.5', '3.5 Credits', 'cea53159-22eb-4399-a1e6-36124702bf8z', null, '3.5', '3.5', 'kuali.result.scale.credit.degree', 'kuali.result.values.group.state.approved', 'kuali.result.values.group.type.fixed', 'SYSTEMLOADER', {ts '2012-09-16 20:00:00'}, 0);


insert into KSEN_LRC_RVG_RESULT_VALUE (RESULT_VALUE_ID, RVG_ID) values ('kuali.result.value.grade.letter.a', 'kuali.resultComponent.grade.letter');
insert into KSEN_LRC_RVG_RESULT_VALUE (RESULT_VALUE_ID, RVG_ID) values ('kuali.result.value.grade.letter.b', 'kuali.result.group.grade.letter.graduate');
insert into KSEN_LRC_RVG_RESULT_VALUE (RESULT_VALUE_ID, RVG_ID) values ('kuali.result.value.grade.letter.b', 'kuali.result.group.grade.letter.passing.translation');
insert into KSEN_LRC_RVG_RESULT_VALUE (RESULT_VALUE_ID, RVG_ID) values ('kuali.result.value.grade.letter.b', 'kuali.resultComponent.grade.letter');
insert into KSEN_LRC_RVG_RESULT_VALUE (RESULT_VALUE_ID, RVG_ID) values ('kuali.result.value.grade.letter.c', 'kuali.result.group.grade.letter.graduate');
insert into KSEN_LRC_RVG_RESULT_VALUE (RESULT_VALUE_ID, RVG_ID) values ('kuali.result.value.grade.letter.c', 'kuali.result.group.grade.letter.passing.translation');
insert into KSEN_LRC_RVG_RESULT_VALUE (RESULT_VALUE_ID, RVG_ID) values ('kuali.result.value.grade.letter.c', 'kuali.resultComponent.grade.letter');
insert into KSEN_LRC_RVG_RESULT_VALUE (RESULT_VALUE_ID, RVG_ID) values ('kuali.result.value.grade.letter.d', 'kuali.result.group.grade.letter.passing.translation');
insert into KSEN_LRC_RVG_RESULT_VALUE (RESULT_VALUE_ID, RVG_ID) values ('kuali.result.value.grade.letter.d', 'kuali.resultComponent.grade.letter');
insert into KSEN_LRC_RVG_RESULT_VALUE (RESULT_VALUE_ID, RVG_ID) values ('kuali.result.value.grade.letter.f', 'kuali.result.group.grade.letter.graduate');
insert into KSEN_LRC_RVG_RESULT_VALUE (RESULT_VALUE_ID, RVG_ID) values ('kuali.result.value.grade.letter.f', 'kuali.resultComponent.grade.letter');
insert into KSEN_LRC_RVG_RESULT_VALUE (RESULT_VALUE_ID, RVG_ID) values ('kuali.result.value.grade.letter.plus.minus.a', 'kuali.result.group.grade.letter.plus.minus.standard');
insert into KSEN_LRC_RVG_RESULT_VALUE (RESULT_VALUE_ID, RVG_ID) values ('kuali.result.value.grade.letter.plus.minus.a+', 'kuali.result.group.grade.letter.plus.minus.standard');
insert into KSEN_LRC_RVG_RESULT_VALUE (RESULT_VALUE_ID, RVG_ID) values ('kuali.result.value.grade.letter.plus.minus.a-', 'kuali.result.group.grade.letter.plus.minus.standard');
insert into KSEN_LRC_RVG_RESULT_VALUE (RESULT_VALUE_ID, RVG_ID) values ('kuali.result.value.grade.letter.plus.minus.b', 'kuali.result.group.grade.letter.plus.minus.standard');
insert into KSEN_LRC_RVG_RESULT_VALUE (RESULT_VALUE_ID, RVG_ID) values ('kuali.result.value.grade.letter.plus.minus.b+', 'kuali.result.group.grade.letter.plus.minus.standard');
insert into KSEN_LRC_RVG_RESULT_VALUE (RESULT_VALUE_ID, RVG_ID) values ('kuali.result.value.grade.letter.plus.minus.b-', 'kuali.result.group.grade.letter.plus.minus.standard');
insert into KSEN_LRC_RVG_RESULT_VALUE (RESULT_VALUE_ID, RVG_ID) values ('kuali.result.value.grade.letter.plus.minus.c', 'kuali.result.group.grade.letter.plus.minus.standard');
insert into KSEN_LRC_RVG_RESULT_VALUE (RESULT_VALUE_ID, RVG_ID) values ('kuali.result.value.grade.letter.plus.minus.c+', 'kuali.result.group.grade.letter.plus.minus.standard');
insert into KSEN_LRC_RVG_RESULT_VALUE (RESULT_VALUE_ID, RVG_ID) values ('kuali.result.value.grade.letter.plus.minus.c-', 'kuali.result.group.grade.letter.plus.minus.standard');
insert into KSEN_LRC_RVG_RESULT_VALUE (RESULT_VALUE_ID, RVG_ID) values ('kuali.result.value.grade.letter.plus.minus.d', 'kuali.result.group.grade.letter.plus.minus.standard');
insert into KSEN_LRC_RVG_RESULT_VALUE (RESULT_VALUE_ID, RVG_ID) values ('kuali.result.value.grade.letter.plus.minus.d+', 'kuali.result.group.grade.letter.plus.minus.standard');
insert into KSEN_LRC_RVG_RESULT_VALUE (RESULT_VALUE_ID, RVG_ID) values ('kuali.result.value.grade.letter.plus.minus.d-', 'kuali.result.group.grade.letter.plus.minus.standard');
insert into KSEN_LRC_RVG_RESULT_VALUE (RESULT_VALUE_ID, RVG_ID) values ('kuali.result.value.grade.letter.plus.minus.f', 'kuali.result.group.grade.letter.plus.minus.standard');
insert into KSEN_LRC_RVG_RESULT_VALUE (RESULT_VALUE_ID, RVG_ID) values ('kuali.result.value.grade.percentage.0.59', 'kuali.resultComponent.grade.percentage');
insert into KSEN_LRC_RVG_RESULT_VALUE (RESULT_VALUE_ID, RVG_ID) values ('kuali.result.value.grade.percentage.60.69', 'kuali.resultComponent.grade.percentage');
insert into KSEN_LRC_RVG_RESULT_VALUE (RESULT_VALUE_ID, RVG_ID) values ('kuali.result.value.grade.percentage.70.79', 'kuali.resultComponent.grade.percentage');
insert into KSEN_LRC_RVG_RESULT_VALUE (RESULT_VALUE_ID, RVG_ID) values ('kuali.result.value.grade.percentage.80.84', 'kuali.resultComponent.grade.percentage');
insert into KSEN_LRC_RVG_RESULT_VALUE (RESULT_VALUE_ID, RVG_ID) values ('kuali.result.value.grade.percentage.85.89', 'kuali.resultComponent.grade.percentage');
insert into KSEN_LRC_RVG_RESULT_VALUE (RESULT_VALUE_ID, RVG_ID) values ('kuali.result.value.grade.percentage.90.94', 'kuali.resultComponent.grade.percentage');
insert into KSEN_LRC_RVG_RESULT_VALUE (RESULT_VALUE_ID, RVG_ID) values ('kuali.result.value.grade.percentage.95.100', 'kuali.resultComponent.grade.percentage');
insert into KSEN_LRC_RVG_RESULT_VALUE (RESULT_VALUE_ID, RVG_ID) values ('kuali.result.value.grade.pf.f', 'kuali.resultComponent.grade.passFail');
insert into KSEN_LRC_RVG_RESULT_VALUE (RESULT_VALUE_ID, RVG_ID) values ('kuali.result.value.grade.pf.p', 'kuali.resultComponent.grade.passFail');
insert into KSEN_LRC_RVG_RESULT_VALUE (RESULT_VALUE_ID, RVG_ID) values ('kuali.result.value.grade.pnp.np', 'kuali.result.group.grade.pnp.standard');
insert into KSEN_LRC_RVG_RESULT_VALUE (RESULT_VALUE_ID, RVG_ID) values ('kuali.result.value.grade.pnp.p', 'kuali.result.group.grade.pnp.standard');
insert into KSEN_LRC_RVG_RESULT_VALUE (RESULT_VALUE_ID, RVG_ID) values ('kuali.result.value.grade.satisfactory.ns', 'kuali.resultComponent.grade.satisfactory');
insert into KSEN_LRC_RVG_RESULT_VALUE (RESULT_VALUE_ID, RVG_ID) values ('kuali.result.value.grade.satisfactory.s', 'kuali.resultComponent.grade.satisfactory');
insert into KSEN_LRC_RVG_RESULT_VALUE (RESULT_VALUE_ID, RVG_ID) values ('kuali.result.value.honor.deans.list.on', 'kuali.result.group.honor.deans.list');
insert into KSEN_LRC_RVG_RESULT_VALUE (RESULT_VALUE_ID, RVG_ID) values ('kuali.result.value.honor.degree.latin.laud', 'kuali.result.group.honor.degree.latin');
insert into KSEN_LRC_RVG_RESULT_VALUE (RESULT_VALUE_ID, RVG_ID) values ('kuali.result.value.honor.degree.latin.magna', 'kuali.result.group.honor.degree.latin');
insert into KSEN_LRC_RVG_RESULT_VALUE (RESULT_VALUE_ID, RVG_ID) values ('kuali.result.value.honor.degree.latin.summa', 'kuali.result.group.honor.degree.latin');
insert into KSEN_LRC_RVG_RESULT_VALUE (RESULT_VALUE_ID, RVG_ID) values ('kuali.result.value.minor', 'kuali.result.group.minor');
insert into KSEN_LRC_RVG_RESULT_VALUE (RESULT_VALUE_ID, RVG_ID) values ('kuali.result.value.student.year.1', 'kuali.result.group.student.year');
insert into KSEN_LRC_RVG_RESULT_VALUE (RESULT_VALUE_ID, RVG_ID) values ('kuali.result.value.student.year.1', 'kuali.result.group.student.year.undergrad');
insert into KSEN_LRC_RVG_RESULT_VALUE (RESULT_VALUE_ID, RVG_ID) values ('kuali.result.value.student.year.2', 'kuali.result.group.student.year');
insert into KSEN_LRC_RVG_RESULT_VALUE (RESULT_VALUE_ID, RVG_ID) values ('kuali.result.value.student.year.2', 'kuali.result.group.student.year.undergrad');
insert into KSEN_LRC_RVG_RESULT_VALUE (RESULT_VALUE_ID, RVG_ID) values ('kuali.result.value.student.year.3', 'kuali.result.group.student.year');
insert into KSEN_LRC_RVG_RESULT_VALUE (RESULT_VALUE_ID, RVG_ID) values ('kuali.result.value.student.year.3', 'kuali.result.group.student.year.undergrad');
insert into KSEN_LRC_RVG_RESULT_VALUE (RESULT_VALUE_ID, RVG_ID) values ('kuali.result.value.student.year.4', 'kuali.result.group.student.year');
insert into KSEN_LRC_RVG_RESULT_VALUE (RESULT_VALUE_ID, RVG_ID) values ('kuali.result.value.student.year.4', 'kuali.result.group.student.year.undergrad');
insert into KSEN_LRC_RVG_RESULT_VALUE (RESULT_VALUE_ID, RVG_ID) values ('kuali.result.value.student.year.g', 'kuali.result.group.student.year');
insert into KSEN_LRC_RVG_RESULT_VALUE (RESULT_VALUE_ID, RVG_ID) values ('kuali.result.value.student.year.grad.g1', 'kuali.result.group.student.year.grad');
insert into KSEN_LRC_RVG_RESULT_VALUE (RESULT_VALUE_ID, RVG_ID) values ('kuali.result.value.student.year.grad.g2', 'kuali.result.group.student.year.grad');
insert into KSEN_LRC_RVG_RESULT_VALUE (RESULT_VALUE_ID, RVG_ID) values ('kuali.result.value.student.year.lockstep.1', 'kuali.result.group.student.year.lockstep.law');
insert into KSEN_LRC_RVG_RESULT_VALUE (RESULT_VALUE_ID, RVG_ID) values ('kuali.result.value.student.year.lockstep.1', 'kuali.result.group.student.year.lockstep.med');
insert into KSEN_LRC_RVG_RESULT_VALUE (RESULT_VALUE_ID, RVG_ID) values ('kuali.result.value.student.year.lockstep.2', 'kuali.result.group.student.year.lockstep.law');
insert into KSEN_LRC_RVG_RESULT_VALUE (RESULT_VALUE_ID, RVG_ID) values ('kuali.result.value.student.year.lockstep.2', 'kuali.result.group.student.year.lockstep.med');
insert into KSEN_LRC_RVG_RESULT_VALUE (RESULT_VALUE_ID, RVG_ID) values ('kuali.result.value.student.year.lockstep.3', 'kuali.result.group.student.year.lockstep.law');
insert into KSEN_LRC_RVG_RESULT_VALUE (RESULT_VALUE_ID, RVG_ID) values ('kuali.result.value.student.year.lockstep.3', 'kuali.result.group.student.year.lockstep.med');
insert into KSEN_LRC_RVG_RESULT_VALUE (RESULT_VALUE_ID, RVG_ID) values ('kuali.result.value.student.year.lockstep.4', 'kuali.result.group.student.year.lockstep.med');
insert into KSEN_LRC_RVG_RESULT_VALUE (RESULT_VALUE_ID, RVG_ID) values ('kuali.result.value.credit.degree.0.0', 'kuali.creditType.credit.degree.0.0');
insert into KSEN_LRC_RVG_RESULT_VALUE (RESULT_VALUE_ID, RVG_ID) values ('kuali.result.value.credit.degree.0.5', 'kuali.creditType.credit.degree.0.5');
insert into KSEN_LRC_RVG_RESULT_VALUE (RESULT_VALUE_ID, RVG_ID) values ('kuali.result.value.credit.degree.1.0', 'kuali.creditType.credit.degree.1-16.by.0.5');
insert into KSEN_LRC_RVG_RESULT_VALUE (RESULT_VALUE_ID, RVG_ID) values ('kuali.result.value.credit.degree.1.0', 'kuali.creditType.credit.degree.1-6.by.0.5');
insert into KSEN_LRC_RVG_RESULT_VALUE (RESULT_VALUE_ID, RVG_ID) values ('kuali.result.value.credit.degree.1.0', 'kuali.creditType.credit.degree.1-8.by.0.5');
insert into KSEN_LRC_RVG_RESULT_VALUE (RESULT_VALUE_ID, RVG_ID) values ('kuali.result.value.credit.degree.1.0', 'kuali.creditType.credit.degree.1.0');
insert into KSEN_LRC_RVG_RESULT_VALUE (RESULT_VALUE_ID, RVG_ID) values ('kuali.result.value.credit.degree.1.0', 'kuali.creditType.credit.degree.1.0,1.5,2.0');
insert into KSEN_LRC_RVG_RESULT_VALUE (RESULT_VALUE_ID, RVG_ID) values ('kuali.result.value.credit.degree.1.0', 'kuali.creditType.credit.degree.1.0,1.5,2.0,2.5,3.0');
insert into KSEN_LRC_RVG_RESULT_VALUE (RESULT_VALUE_ID, RVG_ID) values ('kuali.result.value.credit.degree.1.0', 'kuali.creditType.credit.degree.1.0,1.5,2.0,2.5,3.0,3.5,4.0');
insert into KSEN_LRC_RVG_RESULT_VALUE (RESULT_VALUE_ID, RVG_ID) values ('kuali.result.value.credit.degree.1.0', 'kuali.creditType.credit.degree.1.0,1.5,2.0,2.5,3.0,3.5,4.0,4.5,5.0,5.5,6.0');
insert into KSEN_LRC_RVG_RESULT_VALUE (RESULT_VALUE_ID, RVG_ID) values ('kuali.result.value.credit.degree.1.0', 'kuali.creditType.credit.degree.1.0,1.5,2.0,2.5,3.0,3.5,4.0,4.5,5.0,5.5,6.0,6.5,7.0,7.5,8.0');
insert into KSEN_LRC_RVG_RESULT_VALUE (RESULT_VALUE_ID, RVG_ID) values ('kuali.result.value.credit.degree.1.0', 'kuali.creditType.credit.degree.1.0,1.5,2.0,2.5,3.0,3.5,4.0,4.5,5.0,5.5,6.0,6.5,7.0,7.5,8.0,8.5,9.0,9.5,10.0,10.5,11.0,11.5,12.0,12.5,13.0,13.5,14.0,14.5,15.0,15.5,16.0');
insert into KSEN_LRC_RVG_RESULT_VALUE (RESULT_VALUE_ID, RVG_ID) values ('kuali.result.value.credit.degree.1.0', 'kuali.creditType.credit.degree.1.0.1.5.2.5.2.0.3.0');
insert into KSEN_LRC_RVG_RESULT_VALUE (RESULT_VALUE_ID, RVG_ID) values ('kuali.result.value.credit.degree.1.5', 'kuali.creditType.credit.degree.1-16.by.0.5');
insert into KSEN_LRC_RVG_RESULT_VALUE (RESULT_VALUE_ID, RVG_ID) values ('kuali.result.value.credit.degree.1.5', 'kuali.creditType.credit.degree.1-6.by.0.5');
insert into KSEN_LRC_RVG_RESULT_VALUE (RESULT_VALUE_ID, RVG_ID) values ('kuali.result.value.credit.degree.1.5', 'kuali.creditType.credit.degree.1-8.by.0.5');
insert into KSEN_LRC_RVG_RESULT_VALUE (RESULT_VALUE_ID, RVG_ID) values ('kuali.result.value.credit.degree.1.5', 'kuali.creditType.credit.degree.1.0,1.5,2.0');
insert into KSEN_LRC_RVG_RESULT_VALUE (RESULT_VALUE_ID, RVG_ID) values ('kuali.result.value.credit.degree.1.5', 'kuali.creditType.credit.degree.1.0,1.5,2.0,2.5,3.0');
insert into KSEN_LRC_RVG_RESULT_VALUE (RESULT_VALUE_ID, RVG_ID) values ('kuali.result.value.credit.degree.1.5', 'kuali.creditType.credit.degree.1.0,1.5,2.0,2.5,3.0,3.5,4.0');
insert into KSEN_LRC_RVG_RESULT_VALUE (RESULT_VALUE_ID, RVG_ID) values ('kuali.result.value.credit.degree.1.5', 'kuali.creditType.credit.degree.1.0,1.5,2.0,2.5,3.0,3.5,4.0,4.5,5.0,5.5,6.0');
insert into KSEN_LRC_RVG_RESULT_VALUE (RESULT_VALUE_ID, RVG_ID) values ('kuali.result.value.credit.degree.1.5', 'kuali.creditType.credit.degree.1.0,1.5,2.0,2.5,3.0,3.5,4.0,4.5,5.0,5.5,6.0,6.5,7.0,7.5,8.0');
insert into KSEN_LRC_RVG_RESULT_VALUE (RESULT_VALUE_ID, RVG_ID) values ('kuali.result.value.credit.degree.1.5', 'kuali.creditType.credit.degree.1.0,1.5,2.0,2.5,3.0,3.5,4.0,4.5,5.0,5.5,6.0,6.5,7.0,7.5,8.0,8.5,9.0,9.5,10.0,10.5,11.0,11.5,12.0,12.5,13.0,13.5,14.0,14.5,15.0,15.5,16.0');
insert into KSEN_LRC_RVG_RESULT_VALUE (RESULT_VALUE_ID, RVG_ID) values ('kuali.result.value.credit.degree.1.5', 'kuali.creditType.credit.degree.1.0.1.5.2.5.2.0.3.0');
insert into KSEN_LRC_RVG_RESULT_VALUE (RESULT_VALUE_ID, RVG_ID) values ('kuali.result.value.credit.degree.1.5', 'kuali.creditType.credit.degree.1.5');
insert into KSEN_LRC_RVG_RESULT_VALUE (RESULT_VALUE_ID, RVG_ID) values ('kuali.result.value.credit.degree.10.0', 'kuali.creditType.credit.degree.1-16.by.0.5');
insert into KSEN_LRC_RVG_RESULT_VALUE (RESULT_VALUE_ID, RVG_ID) values ('kuali.result.value.credit.degree.10.0', 'kuali.creditType.credit.degree.1.0,1.5,2.0,2.5,3.0,3.5,4.0,4.5,5.0,5.5,6.0,6.5,7.0,7.5,8.0,8.5,9.0,9.5,10.0,10.5,11.0,11.5,12.0,12.5,13.0,13.5,14.0,14.5,15.0,15.5,16.0');
insert into KSEN_LRC_RVG_RESULT_VALUE (RESULT_VALUE_ID, RVG_ID) values ('kuali.result.value.credit.degree.10.5', 'kuali.creditType.credit.degree.1-16.by.0.5');
insert into KSEN_LRC_RVG_RESULT_VALUE (RESULT_VALUE_ID, RVG_ID) values ('kuali.result.value.credit.degree.10.5', 'kuali.creditType.credit.degree.1.0,1.5,2.0,2.5,3.0,3.5,4.0,4.5,5.0,5.5,6.0,6.5,7.0,7.5,8.0,8.5,9.0,9.5,10.0,10.5,11.0,11.5,12.0,12.5,13.0,13.5,14.0,14.5,15.0,15.5,16.0');
insert into KSEN_LRC_RVG_RESULT_VALUE (RESULT_VALUE_ID, RVG_ID) values ('kuali.result.value.credit.degree.11.0', 'kuali.creditType.credit.degree.1-16.by.0.5');
insert into KSEN_LRC_RVG_RESULT_VALUE (RESULT_VALUE_ID, RVG_ID) values ('kuali.result.value.credit.degree.11.0', 'kuali.creditType.credit.degree.1.0,1.5,2.0,2.5,3.0,3.5,4.0,4.5,5.0,5.5,6.0,6.5,7.0,7.5,8.0,8.5,9.0,9.5,10.0,10.5,11.0,11.5,12.0,12.5,13.0,13.5,14.0,14.5,15.0,15.5,16.0');
insert into KSEN_LRC_RVG_RESULT_VALUE (RESULT_VALUE_ID, RVG_ID) values ('kuali.result.value.credit.degree.11.0', 'kuali.creditType.credit.degree.11.0');
insert into KSEN_LRC_RVG_RESULT_VALUE (RESULT_VALUE_ID, RVG_ID) values ('kuali.result.value.credit.degree.11.5', 'kuali.creditType.credit.degree.1-16.by.0.5');
insert into KSEN_LRC_RVG_RESULT_VALUE (RESULT_VALUE_ID, RVG_ID) values ('kuali.result.value.credit.degree.11.5', 'kuali.creditType.credit.degree.1.0,1.5,2.0,2.5,3.0,3.5,4.0,4.5,5.0,5.5,6.0,6.5,7.0,7.5,8.0,8.5,9.0,9.5,10.0,10.5,11.0,11.5,12.0,12.5,13.0,13.5,14.0,14.5,15.0,15.5,16.0');
insert into KSEN_LRC_RVG_RESULT_VALUE (RESULT_VALUE_ID, RVG_ID) values ('kuali.result.value.credit.degree.12.0', 'kuali.creditType.credit.degree.1-16.by.0.5');
insert into KSEN_LRC_RVG_RESULT_VALUE (RESULT_VALUE_ID, RVG_ID) values ('kuali.result.value.credit.degree.12.0', 'kuali.creditType.credit.degree.1.0,1.5,2.0,2.5,3.0,3.5,4.0,4.5,5.0,5.5,6.0,6.5,7.0,7.5,8.0,8.5,9.0,9.5,10.0,10.5,11.0,11.5,12.0,12.5,13.0,13.5,14.0,14.5,15.0,15.5,16.0');
insert into KSEN_LRC_RVG_RESULT_VALUE (RESULT_VALUE_ID, RVG_ID) values ('kuali.result.value.credit.degree.12.0', 'kuali.creditType.credit.degree.12.0');
insert into KSEN_LRC_RVG_RESULT_VALUE (RESULT_VALUE_ID, RVG_ID) values ('kuali.result.value.credit.degree.12.5', 'kuali.creditType.credit.degree.1-16.by.0.5');
insert into KSEN_LRC_RVG_RESULT_VALUE (RESULT_VALUE_ID, RVG_ID) values ('kuali.result.value.credit.degree.12.5', 'kuali.creditType.credit.degree.1.0,1.5,2.0,2.5,3.0,3.5,4.0,4.5,5.0,5.5,6.0,6.5,7.0,7.5,8.0,8.5,9.0,9.5,10.0,10.5,11.0,11.5,12.0,12.5,13.0,13.5,14.0,14.5,15.0,15.5,16.0');
insert into KSEN_LRC_RVG_RESULT_VALUE (RESULT_VALUE_ID, RVG_ID) values ('kuali.result.value.credit.degree.13.0', 'kuali.creditType.credit.degree.1-16.by.0.5');
insert into KSEN_LRC_RVG_RESULT_VALUE (RESULT_VALUE_ID, RVG_ID) values ('kuali.result.value.credit.degree.13.0', 'kuali.creditType.credit.degree.1.0,1.5,2.0,2.5,3.0,3.5,4.0,4.5,5.0,5.5,6.0,6.5,7.0,7.5,8.0,8.5,9.0,9.5,10.0,10.5,11.0,11.5,12.0,12.5,13.0,13.5,14.0,14.5,15.0,15.5,16.0');
insert into KSEN_LRC_RVG_RESULT_VALUE (RESULT_VALUE_ID, RVG_ID) values ('kuali.result.value.credit.degree.13.5', 'kuali.creditType.credit.degree.1-16.by.0.5');
insert into KSEN_LRC_RVG_RESULT_VALUE (RESULT_VALUE_ID, RVG_ID) values ('kuali.result.value.credit.degree.13.5', 'kuali.creditType.credit.degree.1.0,1.5,2.0,2.5,3.0,3.5,4.0,4.5,5.0,5.5,6.0,6.5,7.0,7.5,8.0,8.5,9.0,9.5,10.0,10.5,11.0,11.5,12.0,12.5,13.0,13.5,14.0,14.5,15.0,15.5,16.0');
insert into KSEN_LRC_RVG_RESULT_VALUE (RESULT_VALUE_ID, RVG_ID) values ('kuali.result.value.credit.degree.14.0', 'kuali.creditType.credit.degree.1-16.by.0.5');
insert into KSEN_LRC_RVG_RESULT_VALUE (RESULT_VALUE_ID, RVG_ID) values ('kuali.result.value.credit.degree.14.0', 'kuali.creditType.credit.degree.1.0,1.5,2.0,2.5,3.0,3.5,4.0,4.5,5.0,5.5,6.0,6.5,7.0,7.5,8.0,8.5,9.0,9.5,10.0,10.5,11.0,11.5,12.0,12.5,13.0,13.5,14.0,14.5,15.0,15.5,16.0');
insert into KSEN_LRC_RVG_RESULT_VALUE (RESULT_VALUE_ID, RVG_ID) values ('kuali.result.value.credit.degree.14.5', 'kuali.creditType.credit.degree.1-16.by.0.5');
insert into KSEN_LRC_RVG_RESULT_VALUE (RESULT_VALUE_ID, RVG_ID) values ('kuali.result.value.credit.degree.14.5', 'kuali.creditType.credit.degree.1.0,1.5,2.0,2.5,3.0,3.5,4.0,4.5,5.0,5.5,6.0,6.5,7.0,7.5,8.0,8.5,9.0,9.5,10.0,10.5,11.0,11.5,12.0,12.5,13.0,13.5,14.0,14.5,15.0,15.5,16.0');
insert into KSEN_LRC_RVG_RESULT_VALUE (RESULT_VALUE_ID, RVG_ID) values ('kuali.result.value.credit.degree.15.0', 'kuali.creditType.credit.degree.1-16.by.0.5');
insert into KSEN_LRC_RVG_RESULT_VALUE (RESULT_VALUE_ID, RVG_ID) values ('kuali.result.value.credit.degree.15.0', 'kuali.creditType.credit.degree.1.0,1.5,2.0,2.5,3.0,3.5,4.0,4.5,5.0,5.5,6.0,6.5,7.0,7.5,8.0,8.5,9.0,9.5,10.0,10.5,11.0,11.5,12.0,12.5,13.0,13.5,14.0,14.5,15.0,15.5,16.0');
insert into KSEN_LRC_RVG_RESULT_VALUE (RESULT_VALUE_ID, RVG_ID) values ('kuali.result.value.credit.degree.15.0', 'kuali.creditType.credit.degree.15.0');
insert into KSEN_LRC_RVG_RESULT_VALUE (RESULT_VALUE_ID, RVG_ID) values ('kuali.result.value.credit.degree.15.5', 'kuali.creditType.credit.degree.1-16.by.0.5');
insert into KSEN_LRC_RVG_RESULT_VALUE (RESULT_VALUE_ID, RVG_ID) values ('kuali.result.value.credit.degree.15.5', 'kuali.creditType.credit.degree.1.0,1.5,2.0,2.5,3.0,3.5,4.0,4.5,5.0,5.5,6.0,6.5,7.0,7.5,8.0,8.5,9.0,9.5,10.0,10.5,11.0,11.5,12.0,12.5,13.0,13.5,14.0,14.5,15.0,15.5,16.0');
insert into KSEN_LRC_RVG_RESULT_VALUE (RESULT_VALUE_ID, RVG_ID) values ('kuali.result.value.credit.degree.16.0', 'kuali.creditType.credit.degree.1-16.by.0.5');
insert into KSEN_LRC_RVG_RESULT_VALUE (RESULT_VALUE_ID, RVG_ID) values ('kuali.result.value.credit.degree.16.0', 'kuali.creditType.credit.degree.1.0,1.5,2.0,2.5,3.0,3.5,4.0,4.5,5.0,5.5,6.0,6.5,7.0,7.5,8.0,8.5,9.0,9.5,10.0,10.5,11.0,11.5,12.0,12.5,13.0,13.5,14.0,14.5,15.0,15.5,16.0');
insert into KSEN_LRC_RVG_RESULT_VALUE (RESULT_VALUE_ID, RVG_ID) values ('kuali.result.value.credit.degree.2.0', 'kuali.creditType.credit.degree.1-16.by.0.5');
insert into KSEN_LRC_RVG_RESULT_VALUE (RESULT_VALUE_ID, RVG_ID) values ('kuali.result.value.credit.degree.2.0', 'kuali.creditType.credit.degree.1-6.by.0.5');
insert into KSEN_LRC_RVG_RESULT_VALUE (RESULT_VALUE_ID, RVG_ID) values ('kuali.result.value.credit.degree.2.0', 'kuali.creditType.credit.degree.1-8.by.0.5');
insert into KSEN_LRC_RVG_RESULT_VALUE (RESULT_VALUE_ID, RVG_ID) values ('kuali.result.value.credit.degree.2.0', 'kuali.creditType.credit.degree.1.0,1.5,2.0');
insert into KSEN_LRC_RVG_RESULT_VALUE (RESULT_VALUE_ID, RVG_ID) values ('kuali.result.value.credit.degree.2.0', 'kuali.creditType.credit.degree.1.0,1.5,2.0,2.5,3.0');
insert into KSEN_LRC_RVG_RESULT_VALUE (RESULT_VALUE_ID, RVG_ID) values ('kuali.result.value.credit.degree.2.0', 'kuali.creditType.credit.degree.1.0,1.5,2.0,2.5,3.0,3.5,4.0');
insert into KSEN_LRC_RVG_RESULT_VALUE (RESULT_VALUE_ID, RVG_ID) values ('kuali.result.value.credit.degree.2.0', 'kuali.creditType.credit.degree.1.0,1.5,2.0,2.5,3.0,3.5,4.0,4.5,5.0,5.5,6.0');
insert into KSEN_LRC_RVG_RESULT_VALUE (RESULT_VALUE_ID, RVG_ID) values ('kuali.result.value.credit.degree.2.0', 'kuali.creditType.credit.degree.1.0,1.5,2.0,2.5,3.0,3.5,4.0,4.5,5.0,5.5,6.0,6.5,7.0,7.5,8.0');
insert into KSEN_LRC_RVG_RESULT_VALUE (RESULT_VALUE_ID, RVG_ID) values ('kuali.result.value.credit.degree.2.0', 'kuali.creditType.credit.degree.1.0,1.5,2.0,2.5,3.0,3.5,4.0,4.5,5.0,5.5,6.0,6.5,7.0,7.5,8.0,8.5,9.0,9.5,10.0,10.5,11.0,11.5,12.0,12.5,13.0,13.5,14.0,14.5,15.0,15.5,16.0');
insert into KSEN_LRC_RVG_RESULT_VALUE (RESULT_VALUE_ID, RVG_ID) values ('kuali.result.value.credit.degree.2.0', 'kuali.creditType.credit.degree.1.0.1.5.2.5.2.0.3.0');
insert into KSEN_LRC_RVG_RESULT_VALUE (RESULT_VALUE_ID, RVG_ID) values ('kuali.result.value.credit.degree.2.0', 'kuali.creditType.credit.degree.2.0');
insert into KSEN_LRC_RVG_RESULT_VALUE (RESULT_VALUE_ID, RVG_ID) values ('kuali.result.value.credit.degree.2.5', 'kuali.creditType.credit.degree.1-16.by.0.5');
insert into KSEN_LRC_RVG_RESULT_VALUE (RESULT_VALUE_ID, RVG_ID) values ('kuali.result.value.credit.degree.2.5', 'kuali.creditType.credit.degree.1-6.by.0.5');
insert into KSEN_LRC_RVG_RESULT_VALUE (RESULT_VALUE_ID, RVG_ID) values ('kuali.result.value.credit.degree.2.5', 'kuali.creditType.credit.degree.1-8.by.0.5');
insert into KSEN_LRC_RVG_RESULT_VALUE (RESULT_VALUE_ID, RVG_ID) values ('kuali.result.value.credit.degree.2.5', 'kuali.creditType.credit.degree.1.0,1.5,2.0,2.5,3.0');
insert into KSEN_LRC_RVG_RESULT_VALUE (RESULT_VALUE_ID, RVG_ID) values ('kuali.result.value.credit.degree.2.5', 'kuali.creditType.credit.degree.1.0,1.5,2.0,2.5,3.0,3.5,4.0');
insert into KSEN_LRC_RVG_RESULT_VALUE (RESULT_VALUE_ID, RVG_ID) values ('kuali.result.value.credit.degree.2.5', 'kuali.creditType.credit.degree.1.0,1.5,2.0,2.5,3.0,3.5,4.0,4.5,5.0,5.5,6.0');
insert into KSEN_LRC_RVG_RESULT_VALUE (RESULT_VALUE_ID, RVG_ID) values ('kuali.result.value.credit.degree.2.5', 'kuali.creditType.credit.degree.1.0,1.5,2.0,2.5,3.0,3.5,4.0,4.5,5.0,5.5,6.0,6.5,7.0,7.5,8.0');
insert into KSEN_LRC_RVG_RESULT_VALUE (RESULT_VALUE_ID, RVG_ID) values ('kuali.result.value.credit.degree.2.5', 'kuali.creditType.credit.degree.1.0,1.5,2.0,2.5,3.0,3.5,4.0,4.5,5.0,5.5,6.0,6.5,7.0,7.5,8.0,8.5,9.0,9.5,10.0,10.5,11.0,11.5,12.0,12.5,13.0,13.5,14.0,14.5,15.0,15.5,16.0');
insert into KSEN_LRC_RVG_RESULT_VALUE (RESULT_VALUE_ID, RVG_ID) values ('kuali.result.value.credit.degree.2.5', 'kuali.creditType.credit.degree.1.0.1.5.2.5.2.0.3.0');
insert into KSEN_LRC_RVG_RESULT_VALUE (RESULT_VALUE_ID, RVG_ID) values ('kuali.result.value.credit.degree.3.0', 'kuali.creditType.credit.degree.1-16.by.0.5');
insert into KSEN_LRC_RVG_RESULT_VALUE (RESULT_VALUE_ID, RVG_ID) values ('kuali.result.value.credit.degree.3.0', 'kuali.creditType.credit.degree.1-6.by.0.5');
insert into KSEN_LRC_RVG_RESULT_VALUE (RESULT_VALUE_ID, RVG_ID) values ('kuali.result.value.credit.degree.3.0', 'kuali.creditType.credit.degree.1-8.by.0.5');
insert into KSEN_LRC_RVG_RESULT_VALUE (RESULT_VALUE_ID, RVG_ID) values ('kuali.result.value.credit.degree.3.0', 'kuali.creditType.credit.degree.1.0,1.5,2.0,2.5,3.0');
insert into KSEN_LRC_RVG_RESULT_VALUE (RESULT_VALUE_ID, RVG_ID) values ('kuali.result.value.credit.degree.3.0', 'kuali.creditType.credit.degree.1.0,1.5,2.0,2.5,3.0,3.5,4.0');
insert into KSEN_LRC_RVG_RESULT_VALUE (RESULT_VALUE_ID, RVG_ID) values ('kuali.result.value.credit.degree.3.0', 'kuali.creditType.credit.degree.1.0,1.5,2.0,2.5,3.0,3.5,4.0,4.5,5.0,5.5,6.0');
insert into KSEN_LRC_RVG_RESULT_VALUE (RESULT_VALUE_ID, RVG_ID) values ('kuali.result.value.credit.degree.3.0', 'kuali.creditType.credit.degree.1.0,1.5,2.0,2.5,3.0,3.5,4.0,4.5,5.0,5.5,6.0,6.5,7.0,7.5,8.0');
insert into KSEN_LRC_RVG_RESULT_VALUE (RESULT_VALUE_ID, RVG_ID) values ('kuali.result.value.credit.degree.3.0', 'kuali.creditType.credit.degree.1.0,1.5,2.0,2.5,3.0,3.5,4.0,4.5,5.0,5.5,6.0,6.5,7.0,7.5,8.0,8.5,9.0,9.5,10.0,10.5,11.0,11.5,12.0,12.5,13.0,13.5,14.0,14.5,15.0,15.5,16.0');
insert into KSEN_LRC_RVG_RESULT_VALUE (RESULT_VALUE_ID, RVG_ID) values ('kuali.result.value.credit.degree.3.0', 'kuali.creditType.credit.degree.1.0.1.5.2.5.2.0.3.0');
insert into KSEN_LRC_RVG_RESULT_VALUE (RESULT_VALUE_ID, RVG_ID) values ('kuali.result.value.credit.degree.3.0', 'kuali.creditType.credit.degree.3.0');
insert into KSEN_LRC_RVG_RESULT_VALUE (RESULT_VALUE_ID, RVG_ID) values ('kuali.result.value.credit.degree.3.0', 'kuali.creditType.credit.degree.3.0,3.5,4.0,4.5,5.0,5.5,6.0');
insert into KSEN_LRC_RVG_RESULT_VALUE (RESULT_VALUE_ID, RVG_ID) values ('kuali.result.value.credit.degree.3.0', 'kuali.creditType.credit.degree.3.0,3.5,4.0,4.5,5.0,5.5,6.0,6.5,7.0,7.5,8.0,8.5,9.0');
insert into KSEN_LRC_RVG_RESULT_VALUE (RESULT_VALUE_ID, RVG_ID) values ('kuali.result.value.credit.degree.3.5', 'kuali.creditType.credit.degree.3.5');
insert into KSEN_LRC_RVG_RESULT_VALUE (RESULT_VALUE_ID, RVG_ID) values ('kuali.result.value.credit.degree.3.5', 'kuali.creditType.credit.degree.1-8.by.0.5');
insert into KSEN_LRC_RVG_RESULT_VALUE (RESULT_VALUE_ID, RVG_ID) values ('kuali.result.value.credit.degree.3.5', 'kuali.creditType.credit.degree.1.0,1.5,2.0,2.5,3.0,3.5,4.0');
insert into KSEN_LRC_RVG_RESULT_VALUE (RESULT_VALUE_ID, RVG_ID) values ('kuali.result.value.credit.degree.3.5', 'kuali.creditType.credit.degree.1.0,1.5,2.0,2.5,3.0,3.5,4.0,4.5,5.0,5.5,6.0');
insert into KSEN_LRC_RVG_RESULT_VALUE (RESULT_VALUE_ID, RVG_ID) values ('kuali.result.value.credit.degree.3.5', 'kuali.creditType.credit.degree.1.0,1.5,2.0,2.5,3.0,3.5,4.0,4.5,5.0,5.5,6.0,6.5,7.0,7.5,8.0');
insert into KSEN_LRC_RVG_RESULT_VALUE (RESULT_VALUE_ID, RVG_ID) values ('kuali.result.value.credit.degree.3.5', 'kuali.creditType.credit.degree.1.0,1.5,2.0,2.5,3.0,3.5,4.0,4.5,5.0,5.5,6.0,6.5,7.0,7.5,8.0,8.5,9.0,9.5,10.0,10.5,11.0,11.5,12.0,12.5,13.0,13.5,14.0,14.5,15.0,15.5,16.0');
insert into KSEN_LRC_RVG_RESULT_VALUE (RESULT_VALUE_ID, RVG_ID) values ('kuali.result.value.credit.degree.3.5', 'kuali.creditType.credit.degree.3.0,3.5,4.0,4.5,5.0,5.5,6.0');
insert into KSEN_LRC_RVG_RESULT_VALUE (RESULT_VALUE_ID, RVG_ID) values ('kuali.result.value.credit.degree.3.5', 'kuali.creditType.credit.degree.3.0,3.5,4.0,4.5,5.0,5.5,6.0,6.5,7.0,7.5,8.0,8.5,9.0');
insert into KSEN_LRC_RVG_RESULT_VALUE (RESULT_VALUE_ID, RVG_ID) values ('kuali.result.value.credit.degree.4.0', 'kuali.creditType.credit.degree.1-16.by.0.5');
insert into KSEN_LRC_RVG_RESULT_VALUE (RESULT_VALUE_ID, RVG_ID) values ('kuali.result.value.credit.degree.4.0', 'kuali.creditType.credit.degree.1-6.by.0.5');
insert into KSEN_LRC_RVG_RESULT_VALUE (RESULT_VALUE_ID, RVG_ID) values ('kuali.result.value.credit.degree.4.0', 'kuali.creditType.credit.degree.1-8.by.0.5');
insert into KSEN_LRC_RVG_RESULT_VALUE (RESULT_VALUE_ID, RVG_ID) values ('kuali.result.value.credit.degree.4.0', 'kuali.creditType.credit.degree.1.0,1.5,2.0,2.5,3.0,3.5,4.0');
insert into KSEN_LRC_RVG_RESULT_VALUE (RESULT_VALUE_ID, RVG_ID) values ('kuali.result.value.credit.degree.4.0', 'kuali.creditType.credit.degree.1.0,1.5,2.0,2.5,3.0,3.5,4.0,4.5,5.0,5.5,6.0');
insert into KSEN_LRC_RVG_RESULT_VALUE (RESULT_VALUE_ID, RVG_ID) values ('kuali.result.value.credit.degree.4.0', 'kuali.creditType.credit.degree.1.0,1.5,2.0,2.5,3.0,3.5,4.0,4.5,5.0,5.5,6.0,6.5,7.0,7.5,8.0');
insert into KSEN_LRC_RVG_RESULT_VALUE (RESULT_VALUE_ID, RVG_ID) values ('kuali.result.value.credit.degree.4.0', 'kuali.creditType.credit.degree.1.0,1.5,2.0,2.5,3.0,3.5,4.0,4.5,5.0,5.5,6.0,6.5,7.0,7.5,8.0,8.5,9.0,9.5,10.0,10.5,11.0,11.5,12.0,12.5,13.0,13.5,14.0,14.5,15.0,15.5,16.0');
insert into KSEN_LRC_RVG_RESULT_VALUE (RESULT_VALUE_ID, RVG_ID) values ('kuali.result.value.credit.degree.4.0', 'kuali.creditType.credit.degree.3.0,3.5,4.0,4.5,5.0,5.5,6.0');
insert into KSEN_LRC_RVG_RESULT_VALUE (RESULT_VALUE_ID, RVG_ID) values ('kuali.result.value.credit.degree.4.0', 'kuali.creditType.credit.degree.3.0,3.5,4.0,4.5,5.0,5.5,6.0,6.5,7.0,7.5,8.0,8.5,9.0');
insert into KSEN_LRC_RVG_RESULT_VALUE (RESULT_VALUE_ID, RVG_ID) values ('kuali.result.value.credit.degree.4.0', 'kuali.creditType.credit.degree.4.0');
insert into KSEN_LRC_RVG_RESULT_VALUE (RESULT_VALUE_ID, RVG_ID) values ('kuali.result.value.credit.degree.4.0', 'kuali.creditType.credit.degree.4.0,4.5,5.0');
insert into KSEN_LRC_RVG_RESULT_VALUE (RESULT_VALUE_ID, RVG_ID) values ('kuali.result.value.credit.degree.4.5', 'kuali.creditType.credit.degree.1-16.by.0.5');
insert into KSEN_LRC_RVG_RESULT_VALUE (RESULT_VALUE_ID, RVG_ID) values ('kuali.result.value.credit.degree.4.5', 'kuali.creditType.credit.degree.1-6.by.0.5');
insert into KSEN_LRC_RVG_RESULT_VALUE (RESULT_VALUE_ID, RVG_ID) values ('kuali.result.value.credit.degree.4.5', 'kuali.creditType.credit.degree.1-8.by.0.5');
insert into KSEN_LRC_RVG_RESULT_VALUE (RESULT_VALUE_ID, RVG_ID) values ('kuali.result.value.credit.degree.4.5', 'kuali.creditType.credit.degree.1.0,1.5,2.0,2.5,3.0,3.5,4.0,4.5,5.0,5.5,6.0');
insert into KSEN_LRC_RVG_RESULT_VALUE (RESULT_VALUE_ID, RVG_ID) values ('kuali.result.value.credit.degree.4.5', 'kuali.creditType.credit.degree.1.0,1.5,2.0,2.5,3.0,3.5,4.0,4.5,5.0,5.5,6.0,6.5,7.0,7.5,8.0');
insert into KSEN_LRC_RVG_RESULT_VALUE (RESULT_VALUE_ID, RVG_ID) values ('kuali.result.value.credit.degree.4.5', 'kuali.creditType.credit.degree.1.0,1.5,2.0,2.5,3.0,3.5,4.0,4.5,5.0,5.5,6.0,6.5,7.0,7.5,8.0,8.5,9.0,9.5,10.0,10.5,11.0,11.5,12.0,12.5,13.0,13.5,14.0,14.5,15.0,15.5,16.0');
insert into KSEN_LRC_RVG_RESULT_VALUE (RESULT_VALUE_ID, RVG_ID) values ('kuali.result.value.credit.degree.4.5', 'kuali.creditType.credit.degree.3.0,3.5,4.0,4.5,5.0,5.5,6.0');
insert into KSEN_LRC_RVG_RESULT_VALUE (RESULT_VALUE_ID, RVG_ID) values ('kuali.result.value.credit.degree.4.5', 'kuali.creditType.credit.degree.3.0,3.5,4.0,4.5,5.0,5.5,6.0,6.5,7.0,7.5,8.0,8.5,9.0');
insert into KSEN_LRC_RVG_RESULT_VALUE (RESULT_VALUE_ID, RVG_ID) values ('kuali.result.value.credit.degree.4.5', 'kuali.creditType.credit.degree.4.0,4.5,5.0');
insert into KSEN_LRC_RVG_RESULT_VALUE (RESULT_VALUE_ID, RVG_ID) values ('kuali.result.value.credit.degree.5.0', 'kuali.creditType.credit.degree.1-16.by.0.5');
insert into KSEN_LRC_RVG_RESULT_VALUE (RESULT_VALUE_ID, RVG_ID) values ('kuali.result.value.credit.degree.5.0', 'kuali.creditType.credit.degree.1-6.by.0.5');
insert into KSEN_LRC_RVG_RESULT_VALUE (RESULT_VALUE_ID, RVG_ID) values ('kuali.result.value.credit.degree.5.0', 'kuali.creditType.credit.degree.1-8.by.0.5');
insert into KSEN_LRC_RVG_RESULT_VALUE (RESULT_VALUE_ID, RVG_ID) values ('kuali.result.value.credit.degree.5.0', 'kuali.creditType.credit.degree.1.0,1.5,2.0,2.5,3.0,3.5,4.0,4.5,5.0,5.5,6.0');
insert into KSEN_LRC_RVG_RESULT_VALUE (RESULT_VALUE_ID, RVG_ID) values ('kuali.result.value.credit.degree.5.0', 'kuali.creditType.credit.degree.1.0,1.5,2.0,2.5,3.0,3.5,4.0,4.5,5.0,5.5,6.0,6.5,7.0,7.5,8.0');
insert into KSEN_LRC_RVG_RESULT_VALUE (RESULT_VALUE_ID, RVG_ID) values ('kuali.result.value.credit.degree.5.0', 'kuali.creditType.credit.degree.1.0,1.5,2.0,2.5,3.0,3.5,4.0,4.5,5.0,5.5,6.0,6.5,7.0,7.5,8.0,8.5,9.0,9.5,10.0,10.5,11.0,11.5,12.0,12.5,13.0,13.5,14.0,14.5,15.0,15.5,16.0');
insert into KSEN_LRC_RVG_RESULT_VALUE (RESULT_VALUE_ID, RVG_ID) values ('kuali.result.value.credit.degree.5.0', 'kuali.creditType.credit.degree.3.0,3.5,4.0,4.5,5.0,5.5,6.0');
insert into KSEN_LRC_RVG_RESULT_VALUE (RESULT_VALUE_ID, RVG_ID) values ('kuali.result.value.credit.degree.5.0', 'kuali.creditType.credit.degree.3.0,3.5,4.0,4.5,5.0,5.5,6.0,6.5,7.0,7.5,8.0,8.5,9.0');
insert into KSEN_LRC_RVG_RESULT_VALUE (RESULT_VALUE_ID, RVG_ID) values ('kuali.result.value.credit.degree.5.0', 'kuali.creditType.credit.degree.4.0,4.5,5.0');
insert into KSEN_LRC_RVG_RESULT_VALUE (RESULT_VALUE_ID, RVG_ID) values ('kuali.result.value.credit.degree.5.0', 'kuali.creditType.credit.degree.5.0');
insert into KSEN_LRC_RVG_RESULT_VALUE (RESULT_VALUE_ID, RVG_ID) values ('kuali.result.value.credit.degree.5.5', 'kuali.creditType.credit.degree.1-16.by.0.5');
insert into KSEN_LRC_RVG_RESULT_VALUE (RESULT_VALUE_ID, RVG_ID) values ('kuali.result.value.credit.degree.5.5', 'kuali.creditType.credit.degree.1-6.by.0.5');
insert into KSEN_LRC_RVG_RESULT_VALUE (RESULT_VALUE_ID, RVG_ID) values ('kuali.result.value.credit.degree.5.5', 'kuali.creditType.credit.degree.1-8.by.0.5');
insert into KSEN_LRC_RVG_RESULT_VALUE (RESULT_VALUE_ID, RVG_ID) values ('kuali.result.value.credit.degree.5.5', 'kuali.creditType.credit.degree.1.0,1.5,2.0,2.5,3.0,3.5,4.0,4.5,5.0,5.5,6.0');
insert into KSEN_LRC_RVG_RESULT_VALUE (RESULT_VALUE_ID, RVG_ID) values ('kuali.result.value.credit.degree.5.5', 'kuali.creditType.credit.degree.1.0,1.5,2.0,2.5,3.0,3.5,4.0,4.5,5.0,5.5,6.0,6.5,7.0,7.5,8.0');
insert into KSEN_LRC_RVG_RESULT_VALUE (RESULT_VALUE_ID, RVG_ID) values ('kuali.result.value.credit.degree.5.5', 'kuali.creditType.credit.degree.1.0,1.5,2.0,2.5,3.0,3.5,4.0,4.5,5.0,5.5,6.0,6.5,7.0,7.5,8.0,8.5,9.0,9.5,10.0,10.5,11.0,11.5,12.0,12.5,13.0,13.5,14.0,14.5,15.0,15.5,16.0');
insert into KSEN_LRC_RVG_RESULT_VALUE (RESULT_VALUE_ID, RVG_ID) values ('kuali.result.value.credit.degree.5.5', 'kuali.creditType.credit.degree.3.0,3.5,4.0,4.5,5.0,5.5,6.0');
insert into KSEN_LRC_RVG_RESULT_VALUE (RESULT_VALUE_ID, RVG_ID) values ('kuali.result.value.credit.degree.5.5', 'kuali.creditType.credit.degree.3.0,3.5,4.0,4.5,5.0,5.5,6.0,6.5,7.0,7.5,8.0,8.5,9.0');
insert into KSEN_LRC_RVG_RESULT_VALUE (RESULT_VALUE_ID, RVG_ID) values ('kuali.result.value.credit.degree.6.0', 'kuali.creditType.credit.degree.1-16.by.0.5');
insert into KSEN_LRC_RVG_RESULT_VALUE (RESULT_VALUE_ID, RVG_ID) values ('kuali.result.value.credit.degree.6.0', 'kuali.creditType.credit.degree.1-6.by.0.5');
insert into KSEN_LRC_RVG_RESULT_VALUE (RESULT_VALUE_ID, RVG_ID) values ('kuali.result.value.credit.degree.6.0', 'kuali.creditType.credit.degree.1-8.by.0.5');
insert into KSEN_LRC_RVG_RESULT_VALUE (RESULT_VALUE_ID, RVG_ID) values ('kuali.result.value.credit.degree.6.0', 'kuali.creditType.credit.degree.1.0,1.5,2.0,2.5,3.0,3.5,4.0,4.5,5.0,5.5,6.0');
insert into KSEN_LRC_RVG_RESULT_VALUE (RESULT_VALUE_ID, RVG_ID) values ('kuali.result.value.credit.degree.6.0', 'kuali.creditType.credit.degree.1.0,1.5,2.0,2.5,3.0,3.5,4.0,4.5,5.0,5.5,6.0,6.5,7.0,7.5,8.0');
insert into KSEN_LRC_RVG_RESULT_VALUE (RESULT_VALUE_ID, RVG_ID) values ('kuali.result.value.credit.degree.6.0', 'kuali.creditType.credit.degree.1.0,1.5,2.0,2.5,3.0,3.5,4.0,4.5,5.0,5.5,6.0,6.5,7.0,7.5,8.0,8.5,9.0,9.5,10.0,10.5,11.0,11.5,12.0,12.5,13.0,13.5,14.0,14.5,15.0,15.5,16.0');
insert into KSEN_LRC_RVG_RESULT_VALUE (RESULT_VALUE_ID, RVG_ID) values ('kuali.result.value.credit.degree.6.0', 'kuali.creditType.credit.degree.3.0,3.5,4.0,4.5,5.0,5.5,6.0');
insert into KSEN_LRC_RVG_RESULT_VALUE (RESULT_VALUE_ID, RVG_ID) values ('kuali.result.value.credit.degree.6.0', 'kuali.creditType.credit.degree.3.0,3.5,4.0,4.5,5.0,5.5,6.0,6.5,7.0,7.5,8.0,8.5,9.0');
insert into KSEN_LRC_RVG_RESULT_VALUE (RESULT_VALUE_ID, RVG_ID) values ('kuali.result.value.credit.degree.6.0', 'kuali.creditType.credit.degree.6.0');
insert into KSEN_LRC_RVG_RESULT_VALUE (RESULT_VALUE_ID, RVG_ID) values ('kuali.result.value.credit.degree.6.5', 'kuali.creditType.credit.degree.1-16.by.0.5');
insert into KSEN_LRC_RVG_RESULT_VALUE (RESULT_VALUE_ID, RVG_ID) values ('kuali.result.value.credit.degree.6.5', 'kuali.creditType.credit.degree.1-8.by.0.5');
insert into KSEN_LRC_RVG_RESULT_VALUE (RESULT_VALUE_ID, RVG_ID) values ('kuali.result.value.credit.degree.6.5', 'kuali.creditType.credit.degree.1.0,1.5,2.0,2.5,3.0,3.5,4.0,4.5,5.0,5.5,6.0,6.5,7.0,7.5,8.0');
insert into KSEN_LRC_RVG_RESULT_VALUE (RESULT_VALUE_ID, RVG_ID) values ('kuali.result.value.credit.degree.6.5', 'kuali.creditType.credit.degree.1.0,1.5,2.0,2.5,3.0,3.5,4.0,4.5,5.0,5.5,6.0,6.5,7.0,7.5,8.0,8.5,9.0,9.5,10.0,10.5,11.0,11.5,12.0,12.5,13.0,13.5,14.0,14.5,15.0,15.5,16.0');
insert into KSEN_LRC_RVG_RESULT_VALUE (RESULT_VALUE_ID, RVG_ID) values ('kuali.result.value.credit.degree.6.5', 'kuali.creditType.credit.degree.3.0,3.5,4.0,4.5,5.0,5.5,6.0,6.5,7.0,7.5,8.0,8.5,9.0');
insert into KSEN_LRC_RVG_RESULT_VALUE (RESULT_VALUE_ID, RVG_ID) values ('kuali.result.value.credit.degree.7.0', 'kuali.creditType.credit.degree.1-16.by.0.5');
insert into KSEN_LRC_RVG_RESULT_VALUE (RESULT_VALUE_ID, RVG_ID) values ('kuali.result.value.credit.degree.7.0', 'kuali.creditType.credit.degree.1-8.by.0.5');
insert into KSEN_LRC_RVG_RESULT_VALUE (RESULT_VALUE_ID, RVG_ID) values ('kuali.result.value.credit.degree.7.0', 'kuali.creditType.credit.degree.1.0,1.5,2.0,2.5,3.0,3.5,4.0,4.5,5.0,5.5,6.0,6.5,7.0,7.5,8.0');
insert into KSEN_LRC_RVG_RESULT_VALUE (RESULT_VALUE_ID, RVG_ID) values ('kuali.result.value.credit.degree.7.0', 'kuali.creditType.credit.degree.1.0,1.5,2.0,2.5,3.0,3.5,4.0,4.5,5.0,5.5,6.0,6.5,7.0,7.5,8.0,8.5,9.0,9.5,10.0,10.5,11.0,11.5,12.0,12.5,13.0,13.5,14.0,14.5,15.0,15.5,16.0');
insert into KSEN_LRC_RVG_RESULT_VALUE (RESULT_VALUE_ID, RVG_ID) values ('kuali.result.value.credit.degree.7.0', 'kuali.creditType.credit.degree.3.0,3.5,4.0,4.5,5.0,5.5,6.0,6.5,7.0,7.5,8.0,8.5,9.0');
insert into KSEN_LRC_RVG_RESULT_VALUE (RESULT_VALUE_ID, RVG_ID) values ('kuali.result.value.credit.degree.7.5', 'kuali.creditType.credit.degree.1-16.by.0.5');
insert into KSEN_LRC_RVG_RESULT_VALUE (RESULT_VALUE_ID, RVG_ID) values ('kuali.result.value.credit.degree.7.5', 'kuali.creditType.credit.degree.1-8.by.0.5');
insert into KSEN_LRC_RVG_RESULT_VALUE (RESULT_VALUE_ID, RVG_ID) values ('kuali.result.value.credit.degree.7.5', 'kuali.creditType.credit.degree.1.0,1.5,2.0,2.5,3.0,3.5,4.0,4.5,5.0,5.5,6.0,6.5,7.0,7.5,8.0');
insert into KSEN_LRC_RVG_RESULT_VALUE (RESULT_VALUE_ID, RVG_ID) values ('kuali.result.value.credit.degree.7.5', 'kuali.creditType.credit.degree.1.0,1.5,2.0,2.5,3.0,3.5,4.0,4.5,5.0,5.5,6.0,6.5,7.0,7.5,8.0,8.5,9.0,9.5,10.0,10.5,11.0,11.5,12.0,12.5,13.0,13.5,14.0,14.5,15.0,15.5,16.0');
insert into KSEN_LRC_RVG_RESULT_VALUE (RESULT_VALUE_ID, RVG_ID) values ('kuali.result.value.credit.degree.7.5', 'kuali.creditType.credit.degree.3.0,3.5,4.0,4.5,5.0,5.5,6.0,6.5,7.0,7.5,8.0,8.5,9.0');
insert into KSEN_LRC_RVG_RESULT_VALUE (RESULT_VALUE_ID, RVG_ID) values ('kuali.result.value.credit.degree.8.0', 'kuali.creditType.credit.degree.1-16.by.0.5');
insert into KSEN_LRC_RVG_RESULT_VALUE (RESULT_VALUE_ID, RVG_ID) values ('kuali.result.value.credit.degree.8.0', 'kuali.creditType.credit.degree.1-8.by.0.5');
insert into KSEN_LRC_RVG_RESULT_VALUE (RESULT_VALUE_ID, RVG_ID) values ('kuali.result.value.credit.degree.8.0', 'kuali.creditType.credit.degree.1.0,1.5,2.0,2.5,3.0,3.5,4.0,4.5,5.0,5.5,6.0,6.5,7.0,7.5,8.0');
insert into KSEN_LRC_RVG_RESULT_VALUE (RESULT_VALUE_ID, RVG_ID) values ('kuali.result.value.credit.degree.8.0', 'kuali.creditType.credit.degree.1.0,1.5,2.0,2.5,3.0,3.5,4.0,4.5,5.0,5.5,6.0,6.5,7.0,7.5,8.0,8.5,9.0,9.5,10.0,10.5,11.0,11.5,12.0,12.5,13.0,13.5,14.0,14.5,15.0,15.5,16.0');
insert into KSEN_LRC_RVG_RESULT_VALUE (RESULT_VALUE_ID, RVG_ID) values ('kuali.result.value.credit.degree.8.0', 'kuali.creditType.credit.degree.3.0,3.5,4.0,4.5,5.0,5.5,6.0,6.5,7.0,7.5,8.0,8.5,9.0');
insert into KSEN_LRC_RVG_RESULT_VALUE (RESULT_VALUE_ID, RVG_ID) values ('kuali.result.value.credit.degree.8.0', 'kuali.creditType.credit.degree.8.0');
insert into KSEN_LRC_RVG_RESULT_VALUE (RESULT_VALUE_ID, RVG_ID) values ('kuali.result.value.credit.degree.8.5', 'kuali.creditType.credit.degree.1-16.by.0.5');
insert into KSEN_LRC_RVG_RESULT_VALUE (RESULT_VALUE_ID, RVG_ID) values ('kuali.result.value.credit.degree.8.5', 'kuali.creditType.credit.degree.1.0,1.5,2.0,2.5,3.0,3.5,4.0,4.5,5.0,5.5,6.0,6.5,7.0,7.5,8.0,8.5,9.0,9.5,10.0,10.5,11.0,11.5,12.0,12.5,13.0,13.5,14.0,14.5,15.0,15.5,16.0');
insert into KSEN_LRC_RVG_RESULT_VALUE (RESULT_VALUE_ID, RVG_ID) values ('kuali.result.value.credit.degree.8.5', 'kuali.creditType.credit.degree.3.0,3.5,4.0,4.5,5.0,5.5,6.0,6.5,7.0,7.5,8.0,8.5,9.0');
insert into KSEN_LRC_RVG_RESULT_VALUE (RESULT_VALUE_ID, RVG_ID) values ('kuali.result.value.credit.degree.9.0', 'kuali.creditType.credit.degree.1-16.by.0.5');
insert into KSEN_LRC_RVG_RESULT_VALUE (RESULT_VALUE_ID, RVG_ID) values ('kuali.result.value.credit.degree.9.0', 'kuali.creditType.credit.degree.1.0,1.5,2.0,2.5,3.0,3.5,4.0,4.5,5.0,5.5,6.0,6.5,7.0,7.5,8.0,8.5,9.0,9.5,10.0,10.5,11.0,11.5,12.0,12.5,13.0,13.5,14.0,14.5,15.0,15.5,16.0');
insert into KSEN_LRC_RVG_RESULT_VALUE (RESULT_VALUE_ID, RVG_ID) values ('kuali.result.value.credit.degree.9.0', 'kuali.creditType.credit.degree.3.0,3.5,4.0,4.5,5.0,5.5,6.0,6.5,7.0,7.5,8.0,8.5,9.0');
insert into KSEN_LRC_RVG_RESULT_VALUE (RESULT_VALUE_ID, RVG_ID) values ('kuali.result.value.credit.degree.9.5', 'kuali.creditType.credit.degree.1-16.by.0.5');
insert into KSEN_LRC_RVG_RESULT_VALUE (RESULT_VALUE_ID, RVG_ID) values ('kuali.result.value.credit.degree.9.5', 'kuali.creditType.credit.degree.1.0,1.5,2.0,2.5,3.0,3.5,4.0,4.5,5.0,5.5,6.0,6.5,7.0,7.5,8.0,8.5,9.0,9.5,10.0,10.5,11.0,11.5,12.0,12.5,13.0,13.5,14.0,14.5,15.0,15.5,16.0');
insert into KSEN_LRC_RVG_RESULT_VALUE (RESULT_VALUE_ID, RVG_ID) values ('kuali.result.value.credit.remedial.1', 'kuali.result.group.credit.remedial.fixed.1');
insert into KSEN_LRC_RVG_RESULT_VALUE (RESULT_VALUE_ID, RVG_ID) values ('kuali.result.value.credit.remedial.2', 'kuali.result.group.credit.remedial.fixed.2');
insert into KSEN_LRC_RVG_RESULT_VALUE (RESULT_VALUE_ID, RVG_ID) values ('kuali.result.value.credit.remedial.3', 'kuali.result.group.credit.remedial.fixed.3');
insert into KSEN_LRC_RVG_RESULT_VALUE (RESULT_VALUE_ID, RVG_ID) values ('kuali.result.value.degree.aa', 'kuali.result.group.degree.aa');
insert into KSEN_LRC_RVG_RESULT_VALUE (RESULT_VALUE_ID, RVG_ID) values ('kuali.result.value.degree.aa', 'kuali.result.group.degree.associates');
insert into KSEN_LRC_RVG_RESULT_VALUE (RESULT_VALUE_ID, RVG_ID) values ('kuali.result.value.degree.as', 'kuali.result.group.degree.as');
insert into KSEN_LRC_RVG_RESULT_VALUE (RESULT_VALUE_ID, RVG_ID) values ('kuali.result.value.degree.as', 'kuali.result.group.degree.associates');
insert into KSEN_LRC_RVG_RESULT_VALUE (RESULT_VALUE_ID, RVG_ID) values ('kuali.result.value.degree.ba', 'kuali.result.group.degree.bachelors');
insert into KSEN_LRC_RVG_RESULT_VALUE (RESULT_VALUE_ID, RVG_ID) values ('kuali.result.value.degree.bsc', 'kuali.result.group.degree.bachelors');
insert into KSEN_LRC_RVG_RESULT_VALUE (RESULT_VALUE_ID, RVG_ID) values ('kuali.result.value.degree.jd', 'kuali.result.group.degree.professional');
insert into KSEN_LRC_RVG_RESULT_VALUE (RESULT_VALUE_ID, RVG_ID) values ('kuali.result.value.degree.ma', 'kuali.result.group.degree.ma');
insert into KSEN_LRC_RVG_RESULT_VALUE (RESULT_VALUE_ID, RVG_ID) values ('kuali.result.value.degree.ma', 'kuali.result.group.degree.masters');
insert into KSEN_LRC_RVG_RESULT_VALUE (RESULT_VALUE_ID, RVG_ID) values ('kuali.result.value.degree.march', 'kuali.result.group.degree.march');
insert into KSEN_LRC_RVG_RESULT_VALUE (RESULT_VALUE_ID, RVG_ID) values ('kuali.result.value.degree.march', 'kuali.result.group.degree.professional');
insert into KSEN_LRC_RVG_RESULT_VALUE (RESULT_VALUE_ID, RVG_ID) values ('kuali.result.value.degree.mba', 'kuali.result.group.degree.professional');
insert into KSEN_LRC_RVG_RESULT_VALUE (RESULT_VALUE_ID, RVG_ID) values ('kuali.result.value.degree.md', 'kuali.result.group.degree.doctoral');
insert into KSEN_LRC_RVG_RESULT_VALUE (RESULT_VALUE_ID, RVG_ID) values ('kuali.result.value.degree.meng', 'kuali.result.group.degree.meng');
insert into KSEN_LRC_RVG_RESULT_VALUE (RESULT_VALUE_ID, RVG_ID) values ('kuali.result.value.degree.meng', 'kuali.result.group.degree.professional');
insert into KSEN_LRC_RVG_RESULT_VALUE (RESULT_VALUE_ID, RVG_ID) values ('kuali.result.value.degree.ms', 'kuali.result.group.degree.masters');
insert into KSEN_LRC_RVG_RESULT_VALUE (RESULT_VALUE_ID, RVG_ID) values ('kuali.result.value.degree.ms', 'kuali.result.group.degree.ms');
insert into KSEN_LRC_RVG_RESULT_VALUE (RESULT_VALUE_ID, RVG_ID) values ('kuali.result.value.degree.phd', 'kuali.result.group.degree.doctoral');
insert into KSEN_LRC_RVG_RESULT_VALUE (RESULT_VALUE_ID, RVG_ID) values ('kuali.result.value.degree.phd', 'kuali.result.group.degree.phd');
insert into KSEN_LRC_RVG_RESULT_VALUE (RESULT_VALUE_ID, RVG_ID) values ('kuali.result.value.grade.admin.i', 'kuali.result.group.grade.admin.standard');
insert into KSEN_LRC_RVG_RESULT_VALUE (RESULT_VALUE_ID, RVG_ID) values ('kuali.result.value.grade.admin.ip', 'kuali.result.group.grade.admin.in-progress');
insert into KSEN_LRC_RVG_RESULT_VALUE (RESULT_VALUE_ID, RVG_ID) values ('kuali.result.value.grade.admin.judicial', 'kuali.result.group.grade.admin.in-progress');
insert into KSEN_LRC_RVG_RESULT_VALUE (RESULT_VALUE_ID, RVG_ID) values ('kuali.result.value.grade.admin.judicial', 'kuali.result.group.grade.admin.standard');
insert into KSEN_LRC_RVG_RESULT_VALUE (RESULT_VALUE_ID, RVG_ID) values ('kuali.result.value.grade.admin.nr', 'kuali.result.group.grade.admin.in-progress');
insert into KSEN_LRC_RVG_RESULT_VALUE (RESULT_VALUE_ID, RVG_ID) values ('kuali.result.value.grade.admin.nr', 'kuali.result.group.grade.admin.standard');
insert into KSEN_LRC_RVG_RESULT_VALUE (RESULT_VALUE_ID, RVG_ID) values ('kuali.result.value.grade.admin.w', 'kuali.result.group.grade.admin.in-progress');
insert into KSEN_LRC_RVG_RESULT_VALUE (RESULT_VALUE_ID, RVG_ID) values ('kuali.result.value.grade.admin.w', 'kuali.result.group.grade.admin.standard');
insert into KSEN_LRC_RVG_RESULT_VALUE (RESULT_VALUE_ID, RVG_ID) values ('kuali.result.value.grade.completed.c', 'kuali.resultComponent.grade.completedNotation');
insert into KSEN_LRC_RVG_RESULT_VALUE (RESULT_VALUE_ID, RVG_ID) values ('kuali.result.value.grade.completed.ip', 'kuali.resultComponent.grade.completedNotation');
insert into KSEN_LRC_RVG_RESULT_VALUE (RESULT_VALUE_ID, RVG_ID) values ('kuali.result.value.grade.completed.nc', 'kuali.resultComponent.grade.completedNotation');
insert into KSEN_LRC_RVG_RESULT_VALUE (RESULT_VALUE_ID, RVG_ID) values ('kuali.result.value.grade.letter.a', 'kuali.result.group.grade.letter.graduate');
insert into KSEN_LRC_RVG_RESULT_VALUE (RESULT_VALUE_ID, RVG_ID) values ('kuali.result.value.grade.letter.a', 'kuali.result.group.grade.letter.passing.translation');
