/* Academic Plan types */
INSERT INTO KSEN_TYPE (CREATEID,CREATETIME,DESCR_FORMATTED,DESCR_PLAIN,NAME,REF_OBJECT_URI,SERVICE_URI,TYPE_KEY,VER_NBR) VALUES ('SYSTEMLOADER',{ts '2013-11-07 00:00:00.0'},'Student learning plan type.','Student learning plan type.','Learning Plan','http://student.kuali.org/wsdl/acadplan/LearningPlanInfo','http://student.kuali.org/wsdl/acadplan/AcademicPlanService','kuali.academicplan.type.plan',0);
INSERT INTO KSEN_TYPE (CREATEID,CREATETIME,DESCR_FORMATTED,DESCR_PLAIN,NAME,REF_OBJECT_URI,SERVICE_URI,TYPE_KEY,VER_NBR) VALUES ('SYSTEMLOADER',{ts '2013-11-07 00:00:00.0'},'Student learning plan template type.','Student learning plan template type.','Learning Plan Template','http://student.kuali.org/wsdl/acadplan/LearningPlanInfo','http://student.kuali.org/wsdl/acadplan/AcademicPlanService','kuali.academicplan.type.plan.template',0);
INSERT INTO KSEN_TYPE (CREATEID,CREATETIME,DESCR_FORMATTED,DESCR_PLAIN,NAME,REF_OBJECT_URI,SERVICE_URI,TYPE_KEY,VER_NBR) VALUES ('SYSTEMLOADER',{ts '2013-11-07 00:00:00.0'},'Student learning plan review type.','Student learning plan review type.','Learning Plan Review','http://student.kuali.org/wsdl/acadplan/LearningPlanInfo','http://student.kuali.org/wsdl/acadplan/AcademicPlanService','kuali.academicplan.type.plan.review',0);

INSERT INTO KSPL_LRNG_PLAN (ID, OBJ_ID, VER_NBR, STUDENT_ID,  TYPE_ID, CREATEID, CREATETIME, DESCR_FORMATTED, DESCR_PLAIN,NAME ) values ('lp1', 'obj-lp1', 0, 'student1', 'kuali.academicplan.type.plan', 'student1', {ts '2012-01-01 00:00:00.0'}, '<p>Student 1 Learning Plan 1</p>',  'Student 1 Learning Plan 1','plan1 name');
INSERT INTO KSPL_LRNG_PLAN (ID, OBJ_ID, VER_NBR, STUDENT_ID,  TYPE_ID, CREATEID, CREATETIME, DESCR_FORMATTED, DESCR_PLAIN,NAME ) values ('lp2', 'obj-lp2', 0, 'student1', 'kuali.academicplan.type.plan', 'student1', {ts '2012-02-01 00:00:00.0'}, '<p>Student 1 Learning Plan 2</p>',  'Student 1 Learning Plan 2','plan2 name');
INSERT INTO KSPL_LRNG_PLAN (ID, OBJ_ID, VER_NBR, STUDENT_ID,  TYPE_ID, CREATEID, CREATETIME, DESCR_FORMATTED, DESCR_PLAIN,NAME ) values ('lp3', 'obj-lp3', 0, 'student2', 'kuali.academicplan.type.plan', 'student2', {ts '2012-01-02 00:00:00.0'}, '<p>Student 2 Learning Plan 3</p>',  'Student 2 Learning Plan 3','plan3 name');
INSERT INTO KSPL_LRNG_PLAN (ID, OBJ_ID, VER_NBR, STUDENT_ID,  TYPE_ID, CREATEID, CREATETIME, DESCR_FORMATTED, DESCR_PLAIN,NAME ) values ('lp4', 'obj-lp4', 0, 'student2', 'kuali.academicplan.type.plan', 'student2', {ts '2012-02-03 00:00:00.0'}, '<p>Student 2 Learning Plan 4</p>',  'Student 2 Learning Plan 4','plan4 name');

/* Academic Plan Item types */
INSERT INTO KSEN_TYPE (CREATEID,CREATETIME,DESCR_FORMATTED,DESCR_PLAIN,NAME,REF_OBJECT_URI,SERVICE_URI,TYPE_KEY,VER_NBR) VALUES ('SYSTEMLOADER',{ts '2013-11-07 00:00:00.0'},'Student learning plan course item type.','Student learning plan course item type.','Course Item','http://student.kuali.org/wsdl/acadplan/PlanItemInfo','http://student.kuali.org/wsdl/acadplan/AcademicPlanService','kuali.academicplan.type.planitem',0);

INSERT INTO KSPL_LRNG_PLAN_ITEM (ID, VER_NBR, REF_OBJ_ID, REF_OBJ_TYPE_KEY, TYPE_ID, CATEGORY, PLAN_ID, CREATEID, CREATETIME, DESCR_FORMATTED, DESCR_PLAIN, NAME) VALUES ('lp1-i1', 0, '006476b5-18d8-4830-bbb6-2bb9e79600fb', 'kuali.lu.type.CreditCourse', 'kuali.academicplan.type.item.course', 'WISHLIST', 'lp1', 'student1', {ts '2012-01-01 00:00:00.0'}, '<p>Comment 1</p>',  'Comment 1', 'lp1-i1 name');
INSERT INTO KSPL_LRNG_PLAN_ITEM (ID, VER_NBR, REF_OBJ_ID, REF_OBJ_TYPE_KEY, TYPE_ID, CATEGORY, PLAN_ID, CREATEID, CREATETIME, DESCR_FORMATTED, DESCR_PLAIN, NAME ) VALUES ('lp1-i1.x', 0, '006476b5-18d8-4830-bbb6-2bb9e79600fb', 'kuali.lu.type.NonCreditCourse', 'kuali.academicplan.type.item.course', 'WISHLIST', 'lp1', 'student1', {ts '2012-01-01 00:00:00.0'}, '<p>Comment 1.x</p>',  'Comment 1.x', 'lp1-i1.x name');
INSERT INTO KSPL_LRNG_PLAN_ITEM (ID, VER_NBR, REF_OBJ_ID, REF_OBJ_TYPE_KEY, TYPE_ID, CATEGORY, PLAN_ID, CREATEID, CREATETIME) VALUES ('lp1-i2', 0, '008d8bea-d63d-43fc-8a77-e52634202f6e', 'kuali.lu.type.CreditCourse', 'kuali.academicplan.type.item.course', 'WISHLIST', 'lp1', 'student1', {ts '2012-01-01 00:00:00.0'});
INSERT INTO KSPL_LRNG_PLAN_ITEM (ID, VER_NBR, REF_OBJ_ID, REF_OBJ_TYPE_KEY, TYPE_ID, CATEGORY, PLAN_ID, CREATEID, CREATETIME) VALUES ('lp1-i3', 0, '00ac5436-7014-4d54-95d6-98a6aeaa70c7', 'kuali.lu.type.CreditCourse', 'kuali.academicplan.type.item.course', 'WISHLIST', 'lp1', 'student1', {ts '2012-01-01 00:00:00.0'});
INSERT INTO KSPL_LRNG_PLAN_ITEM (ID, VER_NBR, REF_OBJ_ID, REF_OBJ_TYPE_KEY, TYPE_ID, CATEGORY, PLAN_ID, CREATEID, CREATETIME) VALUES ('lp1-i4', 0, '00ee833d-f4d6-4aca-b40f-8f80854f8cb3', 'kuali.lu.type.CreditCourse', 'kuali.academicplan.type.item.course', 'PLANNED', 'lp1', 'student1', {ts '2012-01-01 00:00:00.0'});
INSERT INTO KSPL_LRNG_PLAN_ITEM (ID, VER_NBR, REF_OBJ_ID, REF_OBJ_TYPE_KEY, TYPE_ID, CATEGORY, PLAN_ID, CREATEID, CREATETIME) VALUES ('lp1-i5', 0, '0005df5d-82e9-4663-8440-aee5ad8046d4', 'kuali.lu.type.CreditCourse', 'kuali.academicplan.type.item.course', 'PLANNED', 'lp1', 'student1', {ts '2012-01-01 00:00:00.0'});
INSERT INTO KSPL_LRNG_PLAN_ITEM (ID, VER_NBR, REF_OBJ_ID, REF_OBJ_TYPE_KEY, TYPE_ID, CATEGORY, PLAN_ID, CREATEID, CREATETIME) VALUES ('lp1-i7', 0, '0005df5d-82e9-4663-8440-aee5ad8046d4', 'kuali.lu.type.CreditCourse', 'kuali.academicplan.type.item.course', 'BACKUP', 'lp1', 'student1', {ts '2012-01-01 00:00:00.0'});

INSERT INTO KSPL_LRNG_PLAN_ITEM (ID, VER_NBR, REF_OBJ_ID, REF_OBJ_TYPE_KEY, TYPE_ID, CATEGORY, PLAN_ID, CREATEID, CREATETIME, DESCR_FORMATTED, DESCR_PLAIN, NAME ) VALUES ('lp1-i6', 0, '00edd03d-d7c0-4151-b7f0-8977951c75bd', 'kuali.lu.type.CreditCourse', 'kuali.academicplan.type.item.course', 'PLANNED', 'lp1', 'student1', {ts '2012-01-01 00:00:00.0'}, '<p>Very Important</p>',  'Very Important','lp1-i6 name');

INSERT INTO KSPL_LRNG_PLAN_ITEM (ID, VER_NBR, REF_OBJ_ID, REF_OBJ_TYPE_KEY, TYPE_ID, CATEGORY, PLAN_ID, CREATEID, CREATETIME) VALUES ('lp2-i1', 0, '00b3683b-fd14-4771-af6c-3c69a43f4592', 'kuali.lu.type.CreditCourse', 'kuali.academicplan.type.item.course', 'PLANNED', 'lp2', 'student1', {ts '2012-01-01 00:00:00.0'});
INSERT INTO KSPL_LRNG_PLAN_ITEM (ID, VER_NBR, REF_OBJ_ID, REF_OBJ_TYPE_KEY, TYPE_ID, CATEGORY, PLAN_ID, CREATEID, CREATETIME) VALUES ('lp2-i2', 0, '00a4c70c-051c-42f9-b45e-6488986a374d', 'kuali.lu.type.CreditCourse', 'kuali.academicplan.type.item.course', 'PLANNED', 'lp2', 'student1', {ts '2012-01-01 00:00:00.0'});
INSERT INTO KSPL_LRNG_PLAN_ITEM (ID, VER_NBR, REF_OBJ_ID, REF_OBJ_TYPE_KEY, TYPE_ID, CATEGORY, PLAN_ID, CREATEID, CREATETIME) VALUES ('lp2-i3', 0, '015f969b-9c18-4938-bcad-39c8a51f230d', 'kuali.lu.type.CreditCourse', 'kuali.academicplan.type.item.course', 'PLANNED', 'lp2', 'student1', {ts '2012-01-01 00:00:00.0'});

INSERT INTO KSPL_LRNG_PLAN_ITEM (ID, VER_NBR, REF_OBJ_ID, REF_OBJ_TYPE_KEY, TYPE_ID, CATEGORY, PLAN_ID, CREATEID, CREATETIME) VALUES ('lp3-i1', 0, '012cc945-7fa1-4df0-9124-8913f250eaf6', 'kuali.lu.type.CreditCourse', 'kuali.academicplan.type.item.course', 'WISHLIST', 'lp3', 'student2', {ts '2012-01-01 00:00:00.0'});
INSERT INTO KSPL_LRNG_PLAN_ITEM (ID, VER_NBR, REF_OBJ_ID, REF_OBJ_TYPE_KEY, TYPE_ID, CATEGORY, PLAN_ID, CREATEID, CREATETIME, DESCR_FORMATTED, DESCR_PLAIN, NAME) VALUES ('lp3-i2', 0, '008739f0-8e62-4f98-88d1-30e6ac779b11', 'kuali.lu.type.CreditCourse', 'kuali.academicplan.type.item.course', 'WISHLIST', 'lp3', 'student2', {ts '2012-01-01 00:00:00.0'}, '<p>Maybe Spring 13</p>',  'Maybe Spring 13', 'lp3-i3 name');
INSERT INTO KSPL_LRNG_PLAN_ITEM (ID, VER_NBR, REF_OBJ_ID, REF_OBJ_TYPE_KEY, TYPE_ID, CATEGORY, PLAN_ID, CREATEID, CREATETIME) VALUES ('lp3-i3', 0, '0131b128-d2dd-47f5-bdc0-3950b81f00e9', 'kuali.lu.type.CreditCourse', 'kuali.academicplan.type.item.course', 'WISHLIST', 'lp3', 'student2', {ts '2012-01-01 00:00:00.0'});

INSERT INTO KSPL_LRNG_PLAN_ITEM (ID, VER_NBR, REF_OBJ_ID, REF_OBJ_TYPE_KEY, TYPE_ID, CATEGORY, PLAN_ID, CREATEID, CREATETIME, DESCR_FORMATTED, DESCR_PLAIN, NAME) VALUES ('lp4-i1', 0, '0099ce3a-0fe8-4586-96b6-c42f6db7c11e', 'kuali.lu.type.CreditCourse', 'kuali.academicplan.type.item.course', 'WHATIF', 'lp4', 'student2', {ts '2012-01-01 00:00:00.0'}, '<p>Comment 2</p>',  'Comment 2', 'lp4-i2 name');
INSERT INTO KSPL_LRNG_PLAN_ITEM (ID, VER_NBR, REF_OBJ_ID, REF_OBJ_TYPE_KEY, TYPE_ID, CATEGORY, PLAN_ID, CREATEID, CREATETIME) VALUES ('lp4-i2', 0, '02711400-c66d-4ecb-aca5-565118f167cf', 'kuali.lu.type.CreditCourse', 'kuali.academicplan.type.item.course', 'PLANNED', 'lp4', 'student2', {ts '2012-01-01 00:00:00.0'});

INSERT INTO KSPL_LRNG_PLAN_ITEM_ATP_ID (PLAN_ITEM_ID, ATP_ID) VALUES ('lp1-i4', 'testTermId3');
INSERT INTO KSPL_LRNG_PLAN_ITEM_ATP_ID (PLAN_ITEM_ID, ATP_ID) VALUES ('lp1-i7', 'testTermId3');

INSERT INTO KSPL_LRNG_PLAN_ITEM_ATP_ID (PLAN_ITEM_ID, ATP_ID) VALUES ('lp1-i5', 'testTermId1');
INSERT INTO KSPL_LRNG_PLAN_ITEM_ATP_ID (PLAN_ITEM_ID, ATP_ID) VALUES ('lp1-i5', 'testTermId2');

INSERT INTO KSPL_LRNG_PLAN_ITEM_ATP_ID (PLAN_ITEM_ID, ATP_ID) VALUES ('lp1-i6', 'testTermId1');
INSERT INTO KSPL_LRNG_PLAN_ITEM_ATP_ID (PLAN_ITEM_ID, ATP_ID) VALUES ('lp1-i6', 'testTermId2');
INSERT INTO KSPL_LRNG_PLAN_ITEM_ATP_ID (PLAN_ITEM_ID, ATP_ID) VALUES ('lp1-i6', 'testTermId3');

INSERT INTO KSPL_LRNG_PLAN_ITEM_ATP_ID (PLAN_ITEM_ID, ATP_ID) VALUES ('lp4-i2', 'testTermId1');
INSERT INTO KSPL_LRNG_PLAN_ITEM_ATP_ID (PLAN_ITEM_ID, ATP_ID) VALUES ('lp4-i2', 'testTermId3');